player,Venue,Opponent,Tot_wkts,Tot_SR,Tot_avg,Opp_wkts,Opp_SR,Opp_avg,Ven_wkts,Ven_SR,Ven_avg,Performance
A Balbirnie,Dubai International Cricket Stadium,Afghanistan,1,30.0,42.0,0,,,0,,,0
A Codrington,Jaffery Sports Club Ground,Kenya,0,inf,inf,0,,,0,,,1
A Dananjaya,|||||||R.Premadasa Stadium|||,Bangladesh,8,30.375,23.5,0,,,0,,,2
A Flintoff,|||||||Beausejour Stadium|||,West Indies,60,32.166666666666664,21.35,14,30.142857142857146,20.857142857142858,0,,,9
A Kumble,|||||||Queen's Park Oval|||,Bermuda,8,48.375,34.75,0,,,2,82.5,48.0,7
A Martin,|||||||MA Chidambaram Stadium|||,India,11,40.63636363636363,26.63636363636364,2,30.0,23.5,0,,,3
A Mishra,Dr. Y.S. Rajasekhara Reddy ACA-VDCA Cricket Stadium,New Zealand,62,30.096774193548388,22.612903225806452,6,18.83333333333333,8.666666666666666,0,,,17
A Mithun,|||||||MA Chidambaram Stadium|||,West Indies,3,62.66666666666666,64.33333333333333,0,,,0,,,5
A Nao,Sheikh Zayed Stadium,United Arab Emirates,0,inf,inf,0,,,0,,,1
A Ndlovu,Sportpark Het Schootsveld,Netherlands,1,103.0,77.0,0,,,0,,,0
A Nehra,|||||||Punjab Cricket Association Stadium|||,Pakistan,65,34.69230769230769,31.415384615384607,0,,,0,,,5
A Neill,Mannofield Park,Oman,1,57.0,22.0,0,,,0,,,5
A Nel,Lord's,England,51,35.05882352941177,24.35294117647059,6,30.5,23.33333333333333,0,inf,inf,2
A Shahzad,Zahur Ahmed Chowdhury Stadium,Bangladesh,15,37.266666666666666,28.0,0,,,0,,,7
A Shamshudeen,Gymkhana Club Ground,Kenya,0,inf,inf,0,,,0,,,0
A Symonds,Sheikh Zayed Stadium,Pakistan,35,42.42857142857143,35.82857142857143,8,34.5,33.0,2,27.5,24.0,1
A Vala,Mannofield Park,Oman,15,32.13333333333333,16.2,0,,,0,,,5
A Zampa,Trent Bridge,Bangladesh,41,33.53658536585366,31.121951219512194,2,21.0,30.0,0,,,1
A van der Merwe,Clontarf Cricket Club Ground,Canada,1,126.0,79.0,0,,,0,,,1
AA Noffke,|||||||Brisbane Cricket Ground|||,India,1,54.0,46.0,0,,,0,,,2
AB Agarkar,Kennington Oval,England,52,37.480769230769226,27.73076923076923,8,28.125,21.5,0,,,1
AB Dinda,Saurashtra Cricket Association Stadium,England,12,51.08333333333334,49.41666666666666,1,68.0,65.0,0,,,3
AB de Villiers,Senwes Park,New Zealand,7,28.714285714285715,26.857142857142854,0,inf,inf,0,,,1
AC Agar,Old Trafford,England,2,33.5,28.0,0,,,0,,,2
AC Botha,|||||||Punjab Cricket Association Stadium|||,West Indies,14,42.642857142857146,29.42857142857143,0,,,0,inf,inf,2
AC Cummins,|||||||Beausejour Stadium|||,New Zealand,4,50.75,38.25,0,,,0,,,1
AC Evans,Mannofield Park,Oman,20,40.45,33.6,0,,,0,,,0
AC Voges,|||||||Punjab Cricket Association Stadium|||,India,5,49.4,45.8,0,inf,inf,0,,,2
AD Mascarenhas,Trent Bridge,Australia,13,63.769230769230774,47.92307692307693,0,inf,inf,0,,,2
AD Mathews,Riverside Ground,West Indies,109,44.467889908256886,33.07339449541284,3,78.0,62.0,2,73.0,38.5,4
AD Russell,The Cooper Associates County Ground,Bangladesh,69,33.42028985507246,29.144927536231886,3,18.666666666666668,23.0,0,,,2
ADJ Pitcher,Ruaraka Sports Club Ground,Netherlands,0,inf,inf,0,,,0,,,1
ADS Fletcher,|||||||Kensington Oval|||,South Africa,0,inf,inf,0,,,0,,,0
AF Milne,Sophia Gardens,Bangladesh,38,44.78947368421053,35.94736842105263,5,39.4,33.0,0,,,2
AG Cremer,|||||||Mahinda Rajapaksa International Cricket Stadium|||,Sri Lanka,70,45.85714285714285,35.48571428571429,6,67.5,57.66666666666666,0,,,8
AG Prince,SuperSport Park,Pakistan,0,inf,inf,0,,,0,,,4
AGR Loudon,Riverside Ground,Sri Lanka,0,inf,inf,0,,,0,,,1
AJ Finch,Lord's,New Zealand,3,45.0,37.333333333333336,0,inf,inf,0,inf,inf,0
AJ Hall,|||||||Civil Service Cricket Club|||,India,49,34.44897959183673,25.469387755102037,14,31.357142857142854,21.714285714285715,0,,,1
AJ Ireland,|||||||Sabina Park|||,West Indies,9,53.111111111111114,43.22222222222222,1,89.0,67.0,0,,,2
AJ McKay,Eden Park,South Africa,27,36.03703703703704,27.51851851851852,0,inf,inf,0,,,1
AK Markram,Lord's,Pakistan,1,73.0,75.0,0,,,0,,,2
AK Perera,Rangiri Dambulla International Stadium,Australia,0,inf,inf,0,,,0,,,1
AL Kandappah,Gymkhana Club Ground,Kenya,0,inf,inf,0,,,0,,,0
AL Phehlukwayo,Old Trafford,Australia,28,39.42857142857143,34.857142857142854,0,,,0,,,2
AM Blignaut,Harare Sports Club,India,1,80.0,40.0,1,62.0,20.0,0,,,6
AM Ellis,Rangiri Dambulla International Stadium,Sri Lanka,12,41.16666666666666,34.25,0,inf,inf,0,,,1
AM Fernando,|||||||Mahinda Rajapaksa International Cricket Stadium|||,Zimbabwe,0,inf,inf,0,,,0,,,0
AM Guruge,McLean Park,West Indies,9,33.22222222222222,29.11111111111111,2,53.5,45.5,0,,,3
AM Nayar,New Wanderers Stadium,West Indies,0,inf,inf,0,,,0,,,1
AM Phangiso,St George's Park,Australia,26,42.42307692307692,30.884615384615387,0,inf,inf,0,,,4
AM Samad,Maple Leaf North-West Ground,Bermuda,2,34.5,40.5,0,,,0,,,1
AN Petersen,Shere Bangla National Stadium,Bangladesh,0,inf,inf,0,,,0,,,3
AO Suji,Cambusdoon New Ground,Scotland,0,inf,inf,0,,,0,,,1
AP Devcich,JSCA International Stadium Complex,India,4,83.75,69.0,0,inf,inf,0,,,1
AR Adams,Eden Park,Sri Lanka,1,97.0,102.0,1,54.0,53.0,0,,,2
AR Cusack,Adelaide Oval,Pakistan,34,32.85294117647059,25.735294117647058,5,19.8,18.6,1,33.0,37.0,1
AR McBrine,|||||||Civil Service Cricket Club|||,Zimbabwe,22,50.5,39.81818181818182,3,38.0,34.333333333333336,0,,,0
AR Nurse,Old Trafford,New Zealand,26,38.846153846153854,30.23076923076923,0,,,0,,,0
AR Patel,Dr. Y.S. Rajasekhara Reddy ACA-VDCA Cricket Stadium,New Zealand,35,41.628571428571426,29.771428571428572,2,76.5,65.0,0,,,8
AR White,|||||||The Village|||,Scotland,6,54.66666666666666,40.5,0,,,0,,,1
AS Hansra,Bay Oval,Netherlands,2,141.0,138.5,0,,,0,,,0
AS Joseph,|||||||Sabina Park|||,India,18,33.166666666666664,31.61111111111111,6,31.5,29.66666666666667,0,,,2
AS Luseno,Gymkhana Club Ground,Bermuda,4,10.75,6.25,0,,,0,,,8
AT Rayudu,Shere Bangla National Stadium,Bangladesh,3,37.0,36.0,0,,,0,,,6
AU Rashid,Lord's,New Zealand,84,38.0,34.45238095238095,12,38.91666666666666,36.25,0,,,1
AV Lalcheta,Mannofield Park,Papua New Guinea,2,42.0,31.0,0,,,0,,,1
AW Mathieson,Riverside Ground,England,1,25.0,39.0,0,,,0,,,1
Aamer Yamin,Harare Sports Club,Zimbabwe,1,107.0,84.0,0,,,0,,,1
Aamir Kaleem,Mannofield Park,Scotland,2,38.5,26.5,0,,,0,,,1
Abdul Razzaq,Dubai International Cricket Stadium,Sri Lanka,45,48.911111111111104,39.155555555555566,17,36.117647058823536,28.882352941176467,10,40.2,27.8,1
Abdur Rauf,Sheikh Zayed Stadium,West Indies,8,28.0,24.875,0,,,0,,,0
Abdur Razzak,|||||||Warner Park|||,West Indies,161,39.577639751552795,28.310559006211182,17,41.0,31.94117647058824,0,,,1
Abdur Rehman,Shere Bangla National Stadium,Bangladesh,29,54.75862068965517,36.75862068965517,0,,,0,,,0
Abu Jayed,Castle Avenue,Ireland,5,11.4,11.0,0,,,0,,,6
Abul Hasan,Shere Bangla National Stadium,Pakistan,0,inf,inf,0,,,0,inf,inf,0
Adeel Raja,Eden Gardens,Ireland,0,inf,inf,0,,,0,,,1
Aftab Ahmed,Gaddafi Stadium,Pakistan,2,74.5,77.0,0,,,0,,,0
Aftab Alam,The Rose Bowl,India,18,26.38888888888889,21.0,0,inf,inf,0,,,1
Afzaal Haider,National Stadium,India,2,40.5,60.0,0,,,0,,,1
Ahmed Raza,Sheikh Zayed Stadium,Papua New Guinea,11,53.90909090909091,34.18181818181818,0,,,0,,,4
Ahmed Shehzad,McLean Park,New Zealand,2,58.0,69.5,0,,,0,,,1
Ahsan Malik,Bay Oval,Canada,8,29.625,24.0,0,,,0,,,4
Aizaz Cheema,Sharjah Cricket Stadium,Australia,23,29.26086956521739,24.782608695652176,4,25.0,19.75,1,69.0,53.0,1
Aizaz Khan,Dubai International Cricket Stadium,United Arab Emirates,8,39.125,40.25,0,,,0,,,1
Al-Amin Hossain,Shere Bangla National Stadium,Zimbabwe,21,29.42857142857143,24.0,11,18.63636363636364,16.545454545454547,8,37.875,28.875,2
Alok Kapali,Zahur Ahmed Chowdhury Stadium,Pakistan,12,38.91666666666666,35.0,2,36.0,27.0,0,,,1
Aman Ali,Gaddafi Stadium,Sri Lanka,0,inf,inf,0,,,0,,,0
Amir Hamza,|||||||Darren Sammy National Cricket Stadium|||,West Indies,27,43.555555555555564,28.962962962962962,0,inf,inf,0,,,2
Amjad Javed,Sheikh Zayed Stadium,Papua New Guinea,8,73.5,67.125,0,,,0,,,1
Anshuman Rath,|||||||Mission Road Ground|||,Papua New Guinea,12,21.66666666666667,8.75,0,,,0,,,9
Anwar Ali,Basin Reserve,New Zealand,18,52.27777777777778,51.66666666666666,4,20.75,15.0,0,,,3
Aqib Ilyas,Mannofield Park,Papua New Guinea,4,19.75,11.75,0,,,0,,,6
Arafat Sunny,Shere Bangla National Stadium,Zimbabwe,24,34.875,24.70833333333333,4,34.25,30.5,0,,,2
Arshad Ali,Gaddafi Stadium,Sri Lanka,0,inf,inf,0,,,0,,,1
Arshad Khan,Rawalpindi Cricket Stadium,India,1,84.0,72.0,0,,,0,,,1
Asad Ali,|||||||Beausejour Stadium|||,West Indies,2,91.5,54.0,0,,,0,,,1
Asad Shafiq,Sharjah Cricket Stadium,New Zealand,0,inf,inf,0,,,0,,,0
Asghar Stanikzai,University Oval,Sri Lanka,1,43.0,37.0,1,38.0,31.0,0,,,0
Asif Iqbal (1),ICC Academy,Hong Kong,0,inf,inf,0,,,0,,,0
Azhar Ali,Headingley,England,4,66.0,62.5,0,,,0,,,0
Azhar Mahmood,|||||||Sabina Park|||,Ireland,1,97.0,69.0,0,,,0,,,2
B Geeves,Newlands,South Africa,3,31.66666666666667,24.33333333333333,0,,,0,,,2
B Kumar,|||||||Queen's Park Oval|||,West Indies,84,44.53571428571429,34.607142857142854,2,99.5,71.5,0,,,0
B Laughlin,Sheikh Zayed Stadium,Pakistan,4,57.25,53.5,0,,,0,,,0
B Lee,Riverside Ground,England,164,32.98170731707317,23.792682926829272,22,41.86363636363637,30.363636363636363,0,inf,inf,1
B Stanlake,Western Australia Cricket Association Ground,Pakistan,1,81.0,65.0,0,,,0,inf,inf,2
BA Stokes,Lord's,New Zealand,57,41.21052631578947,37.89473684210526,1,91.0,107.0,0,inf,inf,1
BA Westdijk,|||||||Punjab Cricket Association Stadium|||,South Africa,1,146.0,157.0,1,104.0,116.0,0,,,0
BAW Mendis,Hagley Oval,New Zealand,139,29.115107913669068,22.330935251798557,3,35.0,34.0,0,,,0
BB Sran,Harare Sports Club,Zimbabwe,7,45.28571428571429,36.285714285714285,0,,,0,,,1
BCJ Cutting,Harare Sports Club,Zimbabwe,5,44.0,30.8,0,,,0,,,2
BD Glover,Sportpark Het Schootsveld,Zimbabwe,1,63.0,34.0,0,,,0,,,3
BE Hendricks,Sophia Gardens,Afghanistan,0,inf,inf,0,,,0,,,1
BJ Diamanti,|||||||Brisbane Cricket Ground|||,Australia,0,inf,inf,0,,,0,,,0
BJ Hodge,|||||||Rajiv Gandhi International Stadium|||,India,1,66.0,51.0,0,,,0,,,0
BJ McCarthy,Castle Avenue,Bangladesh,21,28.619047619047624,28.809523809523807,0,,,0,,,2
BKG Mendis,St George's Park,South Africa,0,inf,inf,0,,,0,,,0
BM Wheeler,Kingsmead,South Africa,8,39.875,38.0,3,40.0,33.0,0,,,3
BMAJ Mendis,Riverside Ground,South Africa,28,50.42857142857143,42.0,7,48.42857142857143,42.285714285714285,0,,,1
BP Kruger,Feroz Shah Kotla,India,0,inf,inf,0,,,0,,,0
BP Loots,Eden Gardens,Ireland,2,94.0,109.0,0,,,0,,,0
BP Nash,Sheikh Zayed Stadium,Pakistan,0,inf,inf,0,,,0,,,0
BR Dorey,Narayanganj Osmani Stadium,Bangladesh,2,84.5,69.5,0,,,0,,,7
BRM Taylor,|||||||Sardar Patel Stadium|||,Australia,1,145.0,143.0,0,,,0,,,0
BTJ Wheal,Dubai International Cricket Stadium,United Arab Emirates,6,35.5,28.5,2,24.5,15.0,0,,,2
BV Vitori,Queens Sports Club,Sri Lanka,29,36.6551724137931,32.724137931034484,9,30.33333333333333,24.444444444444446,0,,,4
BW Hilfenhaus,Old Trafford,England,29,43.96551724137931,34.6896551724138,1,49.0,48.0,0,,,3
Babar Hayat,|||||||Mission Road Ground|||,Papua New Guinea,0,inf,inf,0,,,0,,,0
Bilal Asif,Sheikh Zayed Stadium,England,5,26.6,19.0,0,,,5,26.6,19.0,0
Bilal Khan,Mannofield Park,Papua New Guinea,4,41.5,26.5,0,,,0,,,5
Bilawal Bhatti,McLean Park,New Zealand,6,70.0,71.33333333333333,0,inf,inf,0,inf,inf,0
C Munro,Edgbaston,Pakistan,1,141.0,130.0,0,,,0,,,0
C Zhuwao,Gymkhana Club Ground,Ireland,0,inf,inf,0,,,0,,,1
C de Grandhomme,Lord's,England,13,47.69230769230769,35.46153846153846,0,,,0,,,5
CA Ingram,Kingsmead,Pakistan,0,inf,inf,0,,,0,,,0
CA Soper,Mannofield Park,Oman,14,25.785714285714285,18.214285714285715,0,,,0,,,1
CA Young,Malahide,New Zealand,26,25.23076923076923,19.80769230769231,6,17.0,14.833333333333336,1,56.0,41.0,2
CAK Rajitha,|||||||R.Premadasa Stadium|||,Bangladesh,4,36.5,33.0,0,,,0,,,7
CB Mpofu,|||||||Civil Service Cricket Club|||,Ireland,57,50.96491228070175,42.333333333333336,0,,,0,,,1
CB Sole,|||||||Grange Cricket Club Ground|||,Zimbabwe,12,29.41666666666667,18.5,0,,,0,,,7
CBRLS Kumara,|||||||R.Premadasa Stadium|||,Bangladesh,7,47.0,48.57142857142857,0,,,0,,,3
CD Collymore,|||||||Kensington Oval|||,England,15,62.26666666666666,37.6,1,206.0,143.0,0,,,2
CD McMillan,|||||||National Cricket Stadium|||,Australia,10,33.9,31.7,0,,,0,,,0
CD de Lange,|||||||Grange Cricket Club Ground|||,Zimbabwe,13,26.30769230769231,19.30769230769231,0,,,0,,,1
CH Gayle,Headingley,Afghanistan,60,52.55,38.63333333333333,1,120.0,95.0,0,,,2
CH Morris,Old Trafford,Australia,46,37.97826086956522,32.23913043478261,0,,,0,,,1
CJ Anderson,Sophia Gardens,Bangladesh,60,25.83333333333333,23.93333333333333,1,18.0,19.0,0,,,0
CJ Chibhabha,Harare Sports Club,Sri Lanka,33,46.42424242424242,41.18181818181818,0,,,2,31.5,37.5,1
CJ Jordan,Sophia Gardens,Pakistan,43,37.97674418604651,32.906976744186046,3,83.66666666666667,79.0,0,,,1
CJ McKay,Adelaide Oval,England,96,31.07291666666667,23.58333333333333,8,27.75,25.0,0,,,8
CJA Amini,Mannofield Park,Oman,5,45.2,34.6,0,,,0,,,8
CK Hooper,VRA Ground,Ireland,1,72.0,81.0,0,,,0,,,1
CK Kapugedera,Shere Bangla National Stadium,India,2,135.5,109.0,1,63.0,46.0,0,,,0
CK Langeveldt,Sheikh Zayed Stadium,Pakistan,66,37.31818181818182,30.95454545454545,7,52.714285714285715,44.714285714285715,0,,,3
CKB Kulasekara,Chevrolet Park,South Africa,0,inf,inf,0,,,0,,,0
CL Cairns,Westpac Stadium,Sri Lanka,2,42.5,38.5,0,,,0,,,2
CL White,Shere Bangla National Stadium,Bangladesh,10,29.3,27.5,0,,,0,,,1
CM Wright,Willowmoore Park,Canada,8,39.625,26.5,0,,,0,,,11
CO Obuya,ICC Global Cricket Academy,Canada,4,66.25,54.0,0,,,0,,,1
CP Tremain,Newlands,South Africa,7,35.57142857142857,35.142857142857146,0,,,0,,,4
CR Brathwaite,|||||||Queen's Park Oval|||,India,33,43.21212121212121,41.57575757575758,2,27.5,35.5,0,,,0
CR Woakes,Lord's,New Zealand,110,33.33636363636364,29.381818181818186,14,24.357142857142854,20.214285714285715,0,,,8
CRD Fernando,Boland Park,South Africa,79,37.10126582278482,28.455696202531644,0,,,0,,,0
CS MacLeod,Mannofield Park,Papua New Guinea,6,63.33333333333334,45.5,0,,,0,,,3
CS Martin,AMI Stadium,England,7,74.0,56.85714285714285,1,87.0,85.0,0,,,1
CT Mumba,|||||||Mahinda Rajapaksa International Cricket Stadium|||,Sri Lanka,0,inf,inf,0,,,0,,,1
CT Mutombodzi,Queens Sports Club,Afghanistan,6,48.83333333333334,39.833333333333336,2,30.5,16.0,2,64.0,58.0,1
CT Tremlett,R Premadasa Stadium,Sri Lanka,10,67.1,56.0,0,,,0,,,1
D Bishoo,|||||||Sabina Park|||,India,31,42.29032258064515,30.580645161290327,5,36.8,25.6,0,,,2
D Elgar,Trent Bridge,England,2,49.0,32.5,0,,,1,30.0,15.0,1
D Gough,Lord's,Pakistan,0,inf,inf,0,,,0,,,1
D Langford-Smith,|||||||National Cricket Stadium|||,Sri Lanka,7,60.714285714285715,37.42857142857143,0,,,0,,,1
D Mohammed,National Stadium,Pakistan,7,33.714285714285715,23.57142857142857,0,,,0,,,2
D Mongia,Shere Bangla National Stadium,Bangladesh,6,40.5,33.0,0,,,0,,,0
D Pretorius,Old Trafford,Australia,18,32.72222222222222,25.222222222222218,0,,,0,,,4
D Ravu,Mannofield Park,Scotland,0,inf,inf,0,,,0,inf,inf,0
D Soraine,Gymkhana Club Ground,Kenya,1,55.0,35.0,0,,,0,,,0
D Wiese,Newlands,England,9,33.111111111111114,34.666666666666664,5,31.4,35.6,0,,,4
DA Warner,Riverside Ground,England,0,inf,inf,0,,,0,,,0
DAJ Bracewell,Himachal Pradesh Cricket Association Stadium,India,18,40.333333333333336,32.388888888888886,4,40.75,27.5,0,,,2
DAS Gunaratne,|||||||Mahinda Rajapaksa International Cricket Stadium|||,Zimbabwe,18,37.611111111111114,30.777777777777782,0,inf,inf,0,,,2
DBL Powell,Providence Stadium,England,47,39.70212765957447,28.851063829787236,13,40.384615384615394,31.615384615384613,0,,,3
DC Thomas,|||||||Windsor Park|||,Bangladesh,2,4.5,4.5,0,,,0,,,3
DCC Borden,|||||||Queen's Park Oval|||,Bangladesh,3,27.33333333333333,28.66666666666667,0,,,0,,,1
DE Bernard,|||||||Queen's Park Oval|||,South Africa,9,60.66666666666666,45.0,1,132.0,102.0,0,,,1
DE Bollinger,Kingsmead,South Africa,62,32.5,22.35483870967742,5,22.6,10.0,0,,,1
DI Allan,Mombasa Sports Club Ground,Ireland,0,inf,inf,0,,,0,,,1
DJ Bravo,Himachal Pradesh Cricket Association Stadium,India,157,33.07006369426752,27.350318471337577,30,27.33333333333333,19.53333333333333,3,20.33333333333333,13.0,0
DJ Cullen,Kinrara Academy Oval,West Indies,2,103.5,62.5,0,,,0,,,1
DJ Hussey,Melbourne Cricket Ground,Sri Lanka,17,47.235294117647065,39.70588235294117,0,,,1,37.0,19.0,1
DJ Reekers,|||||||Warner Park|||,Scotland,3,47.66666666666666,41.333333333333336,0,,,0,,,3
DJ Willey,Headingley,Pakistan,34,39.02941176470589,34.794117647058826,7,36.857142857142854,34.714285714285715,0,,,2
DJ Worrall,Kingsmead,South Africa,1,162.0,167.0,0,,,0,,,0
DJG Sammy,Westpac Stadium,New Zealand,76,63.85526315789475,48.5,5,67.0,48.0,0,,,1
DK Butler,McLean Park,New Zealand,0,inf,inf,0,,,0,,,0
DL Hemp,|||||||Queen's Park Oval|||,India,0,inf,inf,0,,,0,,,0
DL Vettori,Melbourne Cricket Ground,Australia,140,43.77857142857143,28.392857142857146,17,46.058823529411775,29.176470588235286,6,50.16666666666666,26.16666666666667,1
DLS van Bunge,|||||||Warner Park|||,Scotland,1,93.0,114.0,0,,,0,,,3
DM de Silva,|||||||R.Premadasa Stadium|||,Bangladesh,11,53.0,43.81818181818182,0,,,0,,,1
DPMD Jayawardene,R Premadasa Stadium,England,1,40.0,35.0,1,11.0,5.0,0,,,4
DR Briggs,Dubai International Cricket Stadium,Pakistan,2,30.5,19.0,0,,,0,,,4
DR Brown,|||||||Warner Park|||,Netherlands,3,46.66666666666666,52.0,0,,,0,,,1
DR Flynn,|||||||Warner Park|||,West Indies,0,inf,inf,0,,,0,,,1
DR Smith,McLean Park,United Arab Emirates,42,43.64285714285715,34.45238095238095,0,,,0,,,2
DR Tuffey,Nehru Stadium,India,20,44.35,40.55,9,36.555555555555564,28.222222222222218,2,19.0,15.0,2
DS Kulkarni,JSCA International Stadium Complex,New Zealand,19,33.0,25.0,2,25.5,15.5,0,,,1
DS Smith,|||||||Beausejour Stadium|||,Pakistan,0,inf,inf,0,,,0,,,1
DT Christian,Western Australia Cricket Association Ground,England,20,36.95,29.1,0,,,0,,,3
DT Johnston,|||||||Civil Service Cricket Club|||,Scotland,39,38.333333333333336,25.974358974358967,0,,,0,,,1
DT Tiripano,|||||||Civil Service Cricket Club|||,Ireland,14,44.5,39.285714285714285,2,81.0,72.5,0,,,1
DW Steyn,Newlands,Australia,174,33.77586206896552,25.88505747126437,34,31.058823529411764,22.058823529411764,8,27.375,16.0,1
Danish Kaneria,|||||||Sabina Park|||,Zimbabwe,3,27.0,30.0,0,,,0,,,1
Dawlat Ahmadzai,Willowmoore Park,Scotland,1,36.0,40.0,0,,,0,,,1
Dawlat Zadran,Headingley,West Indies,71,34.436619718309856,28.929577464788732,2,27.0,26.0,0,,,2
Dolar Mahmud,Shere Bangla National Stadium,Zimbabwe,8,27.875,30.0,0,,,0,,,0
E Chigumbura,Harare Sports Club,India,74,46.31081081081082,38.82432432432432,7,72.42857142857143,58.28571428571429,2,31.0,41.0,1
E Katchay,Willowmoore Park,Scotland,0,inf,inf,0,,,0,,,0
E Otieno,Hagley Oval,Scotland,12,38.583333333333336,37.083333333333336,0,,,0,,,1
E Schiferli,Maple Leaf North-West Ground,Canada,3,44.0,31.0,0,,,0,,,1
EC Rainsford,Queens Sports Club,Bangladesh,12,67.5,46.91666666666666,0,inf,inf,0,,,1
EHSN Silva,Gaddafi Stadium,Bangladesh,0,inf,inf,0,,,0,,,1
EJ Richardson,|||||||Civil Service Cricket Club|||,Scotland,0,inf,inf,0,,,0,,,1
EP Thompson,Seddon Park,India,0,inf,inf,0,,,0,,,0
Ehsan Adil,Adelaide Oval,Australia,4,57.25,54.75,1,30.0,31.0,0,,,1
Ehsan Khan,Dubai International Cricket Stadium,United Arab Emirates,11,34.81818181818182,22.363636363636363,0,,,2,59.5,34.5,8
Ehsan Nawaz,Dubai International Cricket Stadium,United Arab Emirates,1,121.0,66.0,0,,,0,,,0
Elias Sunny,Shere Bangla National Stadium,West Indies,5,41.4,31.6,0,,,0,,,0
Enamul Haque jnr,Zohur Ahmed Chowdhury Stadium,Zimbabwe,10,39.8,29.0,3,14.666666666666664,4.666666666666667,0,,,1
F Behardien,SuperSport Park,Sri Lanka,12,59.66666666666666,55.66666666666666,0,inf,inf,2,78.5,65.5,0
F du Plessis,Manuka Oval,Ireland,2,98.5,90.0,0,,,0,,,1
FA Allen,|||||||Queen's Park Oval|||,India,3,54.0,54.0,0,,,0,,,2
FDM Karunaratne,Riverside Ground,West Indies,0,inf,inf,0,,,0,,,0
FH Edwards,Edgbaston,England,37,44.2972972972973,31.81081081081081,0,inf,inf,0,,,0
FJ Klaassen,Sportpark Het Schootsveld,Zimbabwe,4,31.0,19.5,0,,,0,,,3
Fahad Alhashmi,Westpac Stadium,South Africa,2,58.0,46.5,0,,,0,,,1
Fahim Ashraf,Sophia Gardens,Sri Lanka,2,20.5,17.0,0,,,0,,,3
Faisal Hossain,|||||||Civil Service Cricket Club|||,Ireland,1,73.0,53.0,0,,,0,,,2
Fakhar Zaman,Headingley,England,0,inf,inf,0,,,0,,,1
Fareed Ahmad,Greater Noida Sports Complex Ground,Ireland,5,24.6,18.0,0,,,0,,,4
Farhad Reza,Zahur Ahmed Chowdhury Stadium,Pakistan,14,59.28571428571429,54.28571428571429,4,41.5,39.0,0,inf,inf,6
Fawad Ahmed,The Rose Bowl,England,2,42.0,53.0,0,,,0,,,1
Fawad Alam,Sharjah Cricket Stadium,Australia,5,80.4,74.6,1,66.0,60.0,0,,,1
Fayyaz Ahmed,|||||||Grange Cricket Club Ground|||,Scotland,0,inf,inf,0,,,0,,,1
Fayyaz Butt,Mannofield Park,Papua New Guinea,1,166.0,133.0,0,,,0,,,0
G Gambhir,Nahar Singh Stadium,England,0,inf,inf,0,,,0,,,0
G Goudie,Mannofield Park,Netherlands,3,14.0,6.0,0,,,0,,,9
G Onions,SuperSport Park,Australia,4,53.75,42.5,0,,,0,,,2
GA Lamb,Queens Sports Club,Pakistan,12,54.91666666666666,37.0,0,inf,inf,0,,,0
GA Rogers,Clontarf Cricket Club Ground,Netherlands,4,38.5,34.0,0,,,0,,,5
GB Brent,Sheikhupura Stadium,Pakistan,19,47.73684210526316,34.1578947368421,0,,,0,,,1
GB Hogg,Sydney Cricket Ground,India,71,32.87323943661972,23.112676056338028,11,45.81818181818182,30.09090909090909,0,,,2
GC Smith,|||||||National Cricket Stadium|||,West Indies,14,51.14285714285714,41.285714285714285,0,inf,inf,0,,,1
GC Tonge,New Wanderers Stadium,India,5,61.4,43.4,0,,,0,,,3
GD Drummond,Mannofield Park,Netherlands,2,149.5,115.0,0,,,0,,,1
GD Elliott,Seddon Park,Australia,35,35.371428571428574,30.62857142857143,6,27.5,28.83333333333333,0,,,1
GD McGrath,|||||||Kensington Oval|||,Sri Lanka,53,30.22641509433962,19.52830188679245,12,26.41666666666667,14.416666666666664,0,,,2
GH Bodi,Queens Sports Club,Zimbabwe,0,inf,inf,0,,,0,,,0
GH Dockrell,Castle Avenue,Bangladesh,47,55.361702127659576,40.659574468085104,0,,,0,,,0
GH O'Brien,Maple Leaf North-West Ground,Canada,3,20.666666666666668,9.666666666666666,0,,,0,,,8
GH Worker,Senwes Park,South Africa,0,inf,inf,0,,,0,,,1
GJ Batty,Providence Stadium,West Indies,1,78.0,72.0,0,,,0,,,0
GJ Maxwell,Old Trafford,South Africa,45,49.244444444444454,43.4,0,,,0,,,1
GJ McCarter,|||||||The Village|||,Scotland,0,inf,inf,0,,,0,,,1
GJP Kruger,Docklands Stadium,Australia,2,75.0,61.0,0,,,0,,,1
GM Strydom,|||||||Queen's Park Oval|||,West Indies,0,inf,inf,0,,,0,,,1
GP Swann,Kennington Oval,Sri Lanka,97,37.97938144329897,28.494845360824737,18,49.38888888888889,42.0,0,,,2
GR Codrington,|||||||Beausejour Stadium|||,England,8,38.375,32.0,0,,,0,,,1
GS Sandhu,Bellerive Oval,England,3,41.0,34.0,0,,,0,,,3
GSNFG Jayasuriya,|||||||R.Premadasa Stadium|||,Bangladesh,1,133.0,128.0,0,,,0,,,0
GT Main,Mannofield Park,Papua New Guinea,0,inf,inf,0,,,0,,,1
GW Aldridge,Queens Sports Club,Zimbabwe,1,117.0,95.0,0,inf,inf,0,,,1
GW Flower,Senwes Park,South Africa,0,inf,inf,0,,,0,,,1
Gulbadin Naib,Headingley,West Indies,28,42.0,36.392857142857146,1,140.0,149.0,2,30.0,28.0,1
Gurkeerat Singh,Sydney Cricket Ground,Australia,0,inf,inf,0,,,0,,,0
H Durham,Willowmoore Park,Canada,2,31.0,21.0,0,,,0,,,4
H Hiri,Mannofield Park,Oman,1,48.0,50.0,0,,,0,,,3
H Masakadza,|||||||Civil Service Cricket Club|||,Ireland,19,66.05263157894737,58.42105263157895,0,inf,inf,0,,,1
H Osinde,ICC Global Cricket Academy,Kenya,25,29.56,18.92,0,,,0,,,4
H Patel,ICC Global Cricket Academy,Kenya,2,53.5,48.0,0,,,0,,,2
HA Varaiya,Hagley Oval,Scotland,14,48.92857142857143,38.07142857142857,0,,,0,,,1
HDRL Thirimanne,University Oval,New Zealand,3,35.666666666666664,30.33333333333333,0,,,0,,,0
HF Gurney,R Premadasa Stadium,Sri Lanka,11,43.63636363636363,36.90909090909091,5,27.4,26.4,0,,,1
HH Pandya,Old Trafford,New Zealand,29,43.137931034482754,36.206896551724135,1,65.0,50.0,0,,,2
HJC Mol,|||||||Civil Service Cricket Club|||,Scotland,2,19.0,8.5,0,,,0,,,6
HK Bennett,Clontarf Cricket Club Ground,Bangladesh,27,27.777777777777782,21.444444444444443,2,30.0,24.0,7,35.142857142857146,30.0,2
HMCM Bandara,Shere Bangla National Stadium,Bangladesh,28,42.285714285714285,33.964285714285715,2,83.5,70.0,0,,,1
HMRKB Herath,Westpac Stadium,England,69,44.0,31.608695652173914,19,31.578947368421048,19.42105263157895,3,18.0,8.0,2
HP Rinke,|||||||Sardar Patel Stadium|||,Sri Lanka,2,48.5,55.5,0,,,0,,,0
HS Baidwan,Bay Oval,Netherlands,23,35.65217391304348,30.17391304347826,0,,,0,,,1
Hamid Hassan,Headingley,Pakistan,21,39.0,28.761904761904763,5,17.6,11.2,0,,,0
Hammad Azam,Gaddafi Stadium,Zimbabwe,2,70.5,61.0,0,,,0,,,1
Hamza Tahir,Mannofield Park,Papua New Guinea,10,17.8,9.8,0,,,0,,,4
Harbhajan Singh,Wankhede Stadium,South Africa,125,48.391999999999996,34.312,15,30.0,26.13333333333333,0,,,1
Haris Sohail,Shere Bangla National Stadium,Bangladesh,9,51.444444444444436,48.555555555555564,0,,,0,,,0
Hasan Ali,Old Trafford,India,46,30.17391304347826,28.282608695652176,11,16.272727272727273,11.636363636363635,0,,,1
Haseeb Amjad,ICC Academy,United Arab Emirates,5,22.6,15.2,0,,,0,,,4
Hashmatullah Shahidi,Harare Sports Club,Zimbabwe,0,inf,inf,0,,,0,,,0
Hasti Gul,Willowmoore Park,Scotland,2,28.0,23.0,0,,,0,,,3
I Sharma,Sydney Cricket Ground,Australia,114,33.631578947368425,29.842105263157894,6,17.833333333333332,16.833333333333332,0,,,3
I Udana,|||||||R.Premadasa Stadium|||,Bangladesh,8,57.375,52.5,0,,,0,,,3
I Wardlaw,Bellerive Oval,Australia,21,34.1904761904762,30.57142857142857,1,61.0,46.0,0,,,1
IA Nicolson,Willowmoore Park,South Africa,1,44.0,72.0,0,,,0,,,1
ID Blackwell,Maharani Usharaje Trust Cricket Ground,India,3,99.33333333333331,61.33333333333334,0,,,0,,,1
IDR Bradshaw,|||||||National Cricket Stadium|||,South Africa,34,45.647058823529406,29.44117647058824,1,123.0,68.0,0,,,0
IE O'Brien,Eden Park,India,14,33.0,34.07142857142857,4,32.25,31.75,0,,,4
IG Butler,AMI Stadium,Bangladesh,14,38.07142857142857,33.07142857142857,0,,,0,,,0
IH Romaine,Maple Leaf North-West Ground,Canada,0,inf,inf,0,,,0,,,1
IJL Trott,Riverside Ground,India,2,92.5,82.0,0,inf,inf,0,inf,inf,1
IK Pathan,Pallekele International Cricket Stadium,Sri Lanka,92,37.09782608695652,31.06521739130435,16,24.3125,20.3125,0,,,6
IR Bell,Lord's,Pakistan,1,38.0,38.0,0,,,0,,,1
IS Sodhi,Lord's,Australia,19,47.78947368421053,42.21052631578947,1,138.0,126.0,0,,,1
Iftikhar Ahmed,Sharjah Cricket Stadium,England,1,60.0,49.0,0,,,1,60.0,49.0,1
Iftikhar Anjum,Western Australia Cricket Association Ground,Australia,62,37.12903225806452,29.0,0,,,10,42.9,33.6,3
Imad Wasim,Lord's,Bangladesh,33,46.66666666666666,35.81818181818182,0,,,1,43.0,23.0,1
Imran Farhat,Rangiri Dambulla International Stadium,Bangladesh,1,33.0,25.0,0,,,0,,,2
Imran Haider,Sheikh Zayed Stadium,Papua New Guinea,12,26.41666666666667,18.08333333333333,0,,,0,,,5
Imran Tahir,Old Trafford,Australia,143,31.874125874125877,24.29370629370629,20,29.9,25.3,1,61.0,59.0,1
Irfan Ahmed,Kinrara Academy Oval,United Arab Emirates,4,38.5,34.0,0,,,0,,,6
Irfan Sajid,Kinrara Academy Oval,Afghanistan,0,inf,inf,0,,,0,,,1
Izatullah Dawlatzai,Sheikh Zayed Stadium,Scotland,1,90.0,58.0,0,,,0,inf,inf,1
J Anderson,|||||||The Village|||,Scotland,0,inf,inf,0,,,0,,,1
J Blackwood,Pallekele International Cricket Stadium,Sri Lanka,0,inf,inf,0,,,0,,,1
J Botha,Eden Park,New Zealand,67,53.746268656716424,39.43283582089553,5,59.4,44.8,0,inf,inf,3
J Charles,R Premadasa Stadium,Sri Lanka,0,inf,inf,0,,,0,,,0
J Lewis,Headingley,India,14,41.714285714285715,25.214285714285715,1,116.0,108.0,0,,,2
J Little,Castle Avenue,Bangladesh,4,25.5,26.25,0,,,0,,,0
J Louw,Senwes Park,Bangladesh,0,inf,inf,0,,,0,,,0
J Mubarak,R Premadasa Stadium,South Africa,0,inf,inf,0,,,0,,,1
J Mulder,Greater Noida Sports Complex Ground,Afghanistan,5,38.4,29.0,0,,,0,,,1
J Nyumbu,Queens Sports Club,Afghanistan,17,50.764705882352935,41.882352941176464,0,,,4,76.25,65.0,0
J Patraj,Gymkhana Club Ground,Kenya,2,46.0,36.5,0,,,0,,,2
J Theron,Dubai International Cricket Stadium,Pakistan,12,16.25,14.333333333333336,0,,,0,,,2
J Yadav,Dr. Y.S. Rajasekhara Reddy ACA-VDCA Cricket Stadium,New Zealand,1,24.0,8.0,0,,,0,,,6
JA Morkel,McLean Park,New Zealand,39,45.282051282051285,39.384615384615394,0,inf,inf,0,,,0
JAR Blain,Willowmoore Park,Afghanistan,17,25.823529411764714,19.41176470588235,0,,,0,,,3
JB Reva,Sheikh Zayed Stadium,United Arab Emirates,5,34.8,29.2,0,,,0,,,2
JC Archer,Lord's,New Zealand,22,33.72727272727273,25.0,1,55.0,55.0,1,43.0,16.0,2
JC Tredwell,Sydney Cricket Ground,Afghanistan,60,35.166666666666664,27.63333333333333,8,63.0,48.625,0,,,3
JD Nel,Cambusdoon New Ground,Afghanistan,3,98.0,86.66666666666669,0,inf,inf,0,,,0
JD Ryder,Queenstown Events Centre,West Indies,10,35.9,33.4,6,27.83333333333333,23.66666666666667,0,,,3
JD Unadkat,Nehru Stadium,West Indies,8,39.25,25.875,0,,,0,,,0
JDF Vandersay,Riverside Ground,West Indies,7,41.857142857142854,42.285714285714285,3,20.666666666666668,16.0,0,,,2
JDP Oram,Pallekele International Cricket Stadium,Sri Lanka,71,44.225352112676056,29.80281690140845,4,37.0,22.25,0,,,1
JDS Neesham,Lord's,England,49,32.816326530612244,30.22448979591837,5,47.8,43.8,1,24.0,32.0,4
JE Root,Riverside Ground,New Zealand,20,57.7,51.6,2,45.0,35.5,0,,,1
JE Taylor,|||||||Warner Park|||,South Africa,109,33.77064220183486,26.98165137614679,9,34.55555555555556,28.444444444444446,2,32.0,14.5,1
JEC Franklin,Sophia Gardens,England,48,49.8125,40.583333333333336,9,39.888888888888886,32.22222222222222,0,,,0
JF Mooney,Harare Sports Club,Zimbabwe,32,38.3125,31.4375,4,27.25,15.25,4,27.25,15.25,2
JH Davey,|||||||Grange Cricket Club Ground|||,Zimbabwe,37,24.18918918918919,17.54054054054054,0,,,0,,,6
JH Kallis,New Wanderers Stadium,India,71,38.676056338028175,30.71830985915493,5,37.0,33.8,1,68.0,99.0,2
JH Stander,Willowmoore Park,Afghanistan,4,26.25,24.25,0,,,0,,,4
JJ Bumrah,Old Trafford,New Zealand,44,31.363636363636363,23.068181818181817,0,,,0,,,3
JJ Krejza,|||||||Sardar Patel Stadium|||,India,7,61.42857142857143,46.0,0,,,0,,,1
JJ Tucker,Gymkhana Club Ground,Kenya,3,103.66666666666669,83.66666666666667,0,,,0,,,1
JJ van der Wath,Harare Sports Club,Zimbabwe,13,41.615384615384606,41.307692307692314,0,,,0,,,3
JK Kamande,M Chinnaswamy Stadium,Australia,10,68.1,53.1,0,,,0,,,4
JL Carter,|||||||Queen's Park Oval|||,India,3,43.66666666666666,44.66666666666666,0,inf,inf,0,,,0
JL Denly,Trent Bridge,Pakistan,1,62.0,49.0,0,,,0,,,1
JL Pattinson,Headingley,England,16,47.6875,40.125,4,27.0,21.5,0,,,0
JM Anderson,Sydney Cricket Ground,Afghanistan,199,37.603015075376895,29.040201005025125,2,19.0,16.0,9,26.444444444444446,19.222222222222218,5
JM Davison,M Chinnaswamy Stadium,Australia,8,46.5,39.5,0,inf,inf,0,,,1
JM Kemp,|||||||Civil Service Cricket Club|||,India,10,36.1,28.3,3,12.333333333333336,11.333333333333336,0,,,1
JM Mennie,Newlands,South Africa,3,40.66666666666666,43.0,0,inf,inf,0,,,5
JN Mohammed,Providence Stadium,Pakistan,0,inf,inf,0,,,0,,,0
JO Holder,|||||||Queen's Park Oval|||,India,93,38.548387096774185,32.655913978494624,0,,,0,,,0
JO Ngoche,ICC Global Cricket Academy,Canada,5,61.2,41.8,0,,,0,,,1
JOA Gordon,Bay Oval,Netherlands,5,30.6,29.4,0,,,0,,,1
JP Behrendorff,Edgbaston,England,9,30.0,24.66666666666667,0,,,0,,,1
JP Duminy,Old Trafford,Australia,62,49.41935483870968,42.20967741935485,4,7.5,3.75,0,,,1
JP Faulkner,Seddon Park,New Zealand,93,33.69892473118279,29.752688172043012,4,50.75,43.25,0,,,3
JPR Lamsam,National Stadium,India,0,inf,inf,0,inf,inf,0,,,0
JR Hazlewood,Edgbaston,England,64,31.078125,23.28125,14,27.714285714285715,22.071428571428577,0,,,3
JR Hopes,Dr. Y.S. Rajasekhara Reddy ACA-VDCA Cricket Stadium,India,65,47.26153846153846,35.06153846153846,10,44.7,31.3,0,,,0
JS Ababu,Gymkhana Club Ground,Bangladesh,1,81.0,72.0,0,,,0,,,0
JS Paris,|||||||Brisbane Cricket Ground|||,India,1,98.0,91.0,0,,,0,,,2
JS Patel,Clontarf Cricket Club Ground,Bangladesh,41,42.26829268292683,34.26829268292683,0,,,0,,,3
JT Ball,Sophia Gardens,Pakistan,20,38.05,35.15,0,inf,inf,0,,,3
JW Dernbach,The Rose Bowl,New Zealand,31,41.354838709677416,40.16129032258065,0,,,0,,,0
JW Hastings,Edgbaston,New Zealand,42,36.476190476190474,28.619047619047624,3,73.0,48.66666666666666,0,,,2
JWM Dalrymple,|||||||Kensington Oval|||,West Indies,13,62.615384615384606,44.846153846153854,3,41.0,26.33333333333333,0,,,1
Javed Ahmadi,|||||||Civil Service Cricket Club|||,Ireland,1,185.0,141.0,0,,,0,,,1
Jay Odedra,Mannofield Park,Papua New Guinea,5,24.4,16.0,0,,,0,,,9
Jubair Hossain,Shere Bangla National Stadium,South Africa,4,28.75,28.25,2,24.0,20.5,0,,,0
Junaid Khan,Trent Bridge,England,89,34.01123595505618,28.820224719101123,15,34.13333333333333,24.8,0,,,1
Junaid Siddique,Senwes Park,South Africa,0,inf,inf,0,inf,inf,0,,,0
Junaid Siddiqui,Hagley Oval,Scotland,4,63.75,49.0,0,,,0,,,1
K Christie,|||||||Mission Road Ground|||,Papua New Guinea,0,inf,inf,0,,,0,,,0
K Kamyuka,Maple Leaf North-West Ground,Netherlands,4,11.75,11.75,0,,,0,,,1
K Rabada,Old Trafford,Australia,76,34.21052631578947,25.894736842105264,1,96.0,86.0,0,,,4
K Weeraratne,National Stadium,India,0,inf,inf,0,inf,inf,0,,,0
KA Maharaj,Lord's,England,4,24.25,24.25,4,24.25,24.25,0,,,5
KA Pollard,Sheikh Zayed Stadium,Pakistan,49,41.30612244897959,36.69387755102041,5,40.8,36.0,0,,,1
KAD Hurdle,Gymkhana Club Ground,Kenya,15,33.0,22.2,0,,,0,,,4
KAJ Roach,|||||||Queen's Park Oval|||,India,102,35.127450980392155,26.686274509803926,24,34.25,25.0,4,43.5,30.75,1
KC Brathwaite,|||||||Kensington Oval|||,England,1,153.0,139.0,0,,,0,,,0
KC Hodsoll,Gymkhana Club Ground,Kenya,1,30.0,28.0,0,,,0,,,2
KD Mills,Westpac Stadium,Pakistan,158,33.17721518987341,25.38607594936709,42,31.42857142857143,25.404761904761905,0,,,6
KD Shah,|||||||Mission Road Ground|||,Papua New Guinea,0,inf,inf,0,,,0,,,1
KDK Vithanage,Clontarf Cricket Club Ground,Ireland,0,inf,inf,0,,,0,,,0
KED Carroll,|||||||National Cricket Stadium|||,Sri Lanka,0,inf,inf,0,,,0,,,0
KHRK Fernando,Shaheed Chandu Stadium,Bangladesh,1,68.0,39.0,0,,,0,,,4
KJ Abbott,Newlands,Australia,34,39.29411764705883,29.94117647058824,7,50.14285714285714,39.142857142857146,0,,,3
KJ Coetzer,Bellerive Oval,Sri Lanka,0,inf,inf,0,,,0,,,0
KJ O'Brien,|||||||Civil Service Cricket Club|||,Zimbabwe,56,40.035714285714285,34.892857142857146,11,29.363636363636363,31.0,0,,,1
KK Ahmed,|||||||Queen's Park Oval|||,West Indies,4,26.0,31.25,0,inf,inf,0,,,2
KM Dabengwa,Zahur Ahmed Chowdhury Stadium,Bangladesh,12,57.58333333333334,49.83333333333334,0,inf,inf,0,,,2
KM Jadhav,|||||||Queen's Park Oval|||,West Indies,11,32.72727272727273,25.63636363636364,0,inf,inf,0,,,1
KM Jarvis,|||||||Civil Service Cricket Club|||,Ireland,25,49.84,45.64,0,,,0,,,1
KMA Paul,|||||||Queen's Park Oval|||,India,0,inf,inf,0,,,0,,,1
KMC Bandara,Sophia Gardens,England,1,61.0,82.0,0,,,0,,,1
KMDN Kulasekara,|||||||Mahinda Rajapaksa International Cricket Stadium|||,Zimbabwe,189,42.66137566137566,33.42857142857143,19,40.94736842105263,29.842105263157894,0,,,0
KO Meth,University Oval,New Zealand,5,80.0,79.4,0,,,0,,,2
KOK Williams,|||||||Sabina Park|||,India,1,172.0,134.0,0,inf,inf,0,,,1
KP Pietersen,Dubai International Cricket Stadium,Pakistan,7,55.85714285714285,46.85714285714285,0,,,0,,,2
KS Lokuarachchi,R Premadasa Stadium,England,8,36.875,28.75,2,24.0,26.0,0,,,2
KS Williamson,Lord's,Australia,35,39.6,34.51428571428571,0,,,0,,,3
KT Sandher,|||||||Beausejour Stadium|||,New Zealand,6,35.5,26.83333333333333,3,40.0,28.0,0,,,3
KTGD Prasad,University Oval,New Zealand,28,34.67857142857143,31.57142857142857,0,,,0,,,3
KV Sharma,JSCA International Stadium Complex,Sri Lanka,0,inf,inf,0,inf,inf,0,,,0
KW Richardson,Kennington Oval,Sri Lanka,18,40.5,35.0,1,48.0,49.0,0,,,4
Kabir Ali,Headingley,Sri Lanka,5,50.8,53.8,0,,,0,,,0
Kaleemullah,Mannofield Park,Scotland,0,inf,inf,0,,,0,,,1
Kamran Hussain,Iqbal Stadium,Zimbabwe,3,34.333333333333336,22.0,0,,,2,21.0,16.0,3
Kamran Shazad,Westpac Stadium,South Africa,4,26.25,24.25,0,,,0,,,1
Karim Janat,Harare Sports Club,Zimbabwe,0,inf,inf,0,,,0,,,0
Karim Sadiq,Sharjah Cricket Stadium,Zimbabwe,2,73.0,46.0,0,,,0,,,1
Khaled Mahmud,Shaheed Chandu Stadium,Sri Lanka,0,inf,inf,0,,,0,,,1
Khaliq Dad,Willowmoore Park,Scotland,2,18.0,12.5,0,,,0,,,4
Khawar Ali,Mannofield Park,Papua New Guinea,9,22.777777777777782,14.111111111111109,0,,,0,,,2
Khurram Chohan,Bay Oval,Netherlands,19,27.684210526315788,22.315789473684212,0,,,0,,,1
Khurram Khan,Westpac Stadium,South Africa,5,60.4,57.4,0,inf,inf,0,,,0
Krishna Chandran,|||||||Grange Cricket Club Ground|||,Scotland,6,60.66666666666666,60.66666666666666,5,32.8,31.0,0,,,0
Kuldeep Yadav,|||||||Queen's Park Oval|||,West Indies,17,41.941176470588225,32.35294117647059,0,,,0,,,3
L Balaji,R Premadasa Stadium,Sri Lanka,0,inf,inf,0,,,0,,,1
L Ngidi,Lord's,Pakistan,7,28.857142857142854,29.57142857142857,0,,,0,,,3
L Siaka,Mannofield Park,Oman,1,69.0,51.0,0,,,0,,,0
L Vincent,Newlands,South Africa,1,18.0,22.0,0,inf,inf,0,,,0
LA Dawson,Sophia Gardens,Pakistan,2,24.0,35.0,0,,,0,,,2
LD Madushanka,Galle International Stadium,Zimbabwe,4,37.0,42.0,0,,,0,,,0
LE Plunkett,Lord's,New Zealand,96,31.26041666666667,26.46875,6,24.16666666666667,15.0,0,,,5
LH Ferguson,Lord's,England,29,31.896551724137932,26.17241379310345,0,,,0,,,5
LHD Dilhara,|||||||Queen's Park Oval|||,India,0,inf,inf,0,,,0,,,1
LJ Woodcock,Queens Sports Club,Zimbabwe,3,55.33333333333334,51.0,0,,,0,,,2
LJ Wright,|||||||The Village|||,Ireland,15,70.0,57.4,0,,,0,,,0
LL Tsotsobe,Kingsmead,India,94,31.78723404255319,23.70212765957447,18,32.388888888888886,27.83333333333333,0,,,9
LM Jongwe,Sharjah Cricket Stadium,Afghanistan,23,36.56521739130435,28.608695652173914,0,,,4,34.75,26.0,4
LMP Simmons,Saxton Oval,Ireland,1,163.0,161.0,0,inf,inf,0,inf,inf,0
LN Onyango,Bert Sutcliffe Oval,Netherlands,9,28.222222222222218,23.11111111111111,0,,,0,,,3
LOB Cann,|||||||Queen's Park Oval|||,India,1,79.0,78.0,0,inf,inf,0,,,0
LP van Troost,|||||||Warner Park|||,South Africa,1,25.0,54.0,0,,,0,,,0
LPC Silva,R Premadasa Stadium,Kenya,1,44.0,31.0,0,,,0,,,1
LRPL Taylor,Shere Bangla National Stadium,Bangladesh,0,inf,inf,0,,,0,,,4
LS Baker,|||||||Sabina Park|||,India,7,39.285714285714285,30.714285714285715,1,60.0,35.0,0,,,1
M Kartik,Sawai Mansingh Stadium,Pakistan,11,40.09090909090909,31.818181818181817,0,,,0,,,2
M Morkel,Kennington Oval,India,185,30.859459459459462,22.92972972972973,12,28.0,25.08333333333333,0,,,2
M Muralitharan,Wankhede Stadium,India,134,34.88805970149254,23.761194029850746,4,72.5,67.5,1,61.0,43.0,1
M Ntini,New Wanderers Stadium,Australia,71,35.929577464788736,27.901408450704228,8,31.375,28.75,0,,,0
M Pushpakumara,Shere Bangla National Stadium,Bangladesh,0,inf,inf,0,,,0,,,1
M Shezi,Queens Sports Club,Zimbabwe,1,37.0,7.0,0,,,0,,,10
M Vijay,Harare Sports Club,Zimbabwe,1,38.0,35.0,0,,,0,,,2
M Zondeki,OUTsurance Oval,Kenya,3,64.66666666666667,65.66666666666667,0,,,0,,,2
M de Lange,Mangaung Oval,England,10,22.0,18.2,0,,,0,,,2
MA Aponso,Galle International Stadium,Zimbabwe,7,45.714285714285715,35.57142857142857,0,,,0,,,0
MA Carberry,|||||||The Village|||,Ireland,0,inf,inf,0,,,0,,,0
MA Leask,Mannofield Park,Papua New Guinea,7,87.2857142857143,80.14285714285714,0,,,0,,,2
MA Parker,Cambusdoon New Ground,Afghanistan,3,22.0,15.0,0,,,0,,,8
MA Starc,Edgbaston,England,161,25.43478260869565,18.63975155279503,18,30.055555555555557,25.055555555555557,6,19.83333333333333,13.666666666666664,1
MA Wood,Lord's,New Zealand,40,40.825,34.8,2,58.0,59.5,0,,,2
MBS Jonkman,|||||||Warner Park|||,Scotland,5,28.8,20.0,0,,,0,,,4
MC Henriques,Edgbaston,England,7,51.28571428571429,42.714285714285715,0,inf,inf,0,,,1
MC Sorensen,Manuka Oval,South Africa,12,38.91666666666666,34.583333333333336,0,inf,inf,0,,,0
MD Bates,Eden Park,South Africa,2,42.0,26.0,1,48.0,24.0,0,,,2
MD Dai,Sheikh Zayed Stadium,United Arab Emirates,8,37.625,26.25,0,,,3,39.66666666666666,25.33333333333333,2
MD Gunathilaka,|||||||Mahinda Rajapaksa International Cricket Stadium|||,Zimbabwe,6,44.33333333333334,41.66666666666666,1,42.0,40.0,0,,,3
MD Shanaka,|||||||R.Premadasa Stadium|||,Bangladesh,4,33.75,31.25,0,,,0,,,6
MDK Perera,Sinhalese Sports Club Ground,Bangladesh,13,34.46153846153846,28.153846153846153,4,21.25,16.25,0,,,4
MEK Hussey,Sheikh Zayed Stadium,Pakistan,1,157.0,135.0,0,inf,inf,0,,,1
MF Maharoof,Kennington Oval,England,85,36.058823529411775,27.64705882352941,11,33.18181818181818,28.0,5,50.6,45.6,0
MG Johnson,Melbourne Cricket Ground,New Zealand,231,33.09523809523809,23.528138528138534,22,28.22727272727273,20.09090909090909,5,26.6,10.8,8
MH Yardy,|||||||MA Chidambaram Stadium|||,South Africa,18,71.6111111111111,56.27777777777778,5,44.2,39.6,0,,,2
MJ Clarke,Western Australia Cricket Association Ground,Afghanistan,39,46.97435897435897,36.512820512820504,0,,,0,inf,inf,4
MJ Cosgrove,Narayanganj Osmani Stadium,Bangladesh,0,inf,inf,0,,,0,,,2
MJ Fourie,|||||||Civil Service Cricket Club|||,South Africa,0,inf,inf,0,,,0,,,1
MJ Guptill,Feroz Shah Kotla,India,4,29.0,22.75,0,,,0,,,15
MJ Henry,Lord's,England,75,29.29333333333333,24.786666666666665,0,,,0,,,3
MJ Hoggard,Keenan Stadium,India,0,inf,inf,0,,,0,,,0
MJ Mason,Seddon Park,Australia,22,35.86363636363637,28.54545454545455,7,32.857142857142854,27.57142857142857,0,,,1
MJ McClenaghan,Saxton Oval,Sri Lanka,82,29.743902439024392,26.82926829268293,6,28.16666666666667,26.16666666666667,0,,,2
MJ North,Sheikh Zayed Stadium,Pakistan,0,inf,inf,0,,,0,,,1
MJ Santner,Lord's,England,50,44.32,35.24,2,30.5,16.5,0,,,1
MJG Rippon,Bay Oval,Canada,4,23.0,16.5,0,,,0,,,8
MK Tiwary,Harare Sports Club,Zimbabwe,5,27.2,28.4,1,56.0,52.0,0,,,1
MKDI Amerasinghe,|||||||Queen's Park Oval|||,West Indies,9,43.444444444444436,36.111111111111114,1,60.0,30.0,0,,,0
ML Cummins,|||||||Sir Vivian Richards Stadium|||,India,5,65.8,51.2,1,48.0,57.0,0,,,3
ML Lewis,New Wanderers Stadium,South Africa,3,77.33333333333333,84.0,0,,,0,,,0
ML Nkala,Shere Bangla National Stadium,Bangladesh,0,inf,inf,0,,,0,,,1
MM Ali,Lord's,Australia,52,59.92307692307693,50.269230769230774,4,100.75,89.25,6,56.16666666666666,45.0,1
MM Iqbal,Cambusdoon New Ground,Afghanistan,2,63.5,67.5,0,,,0,,,0
MM Patel,Sophia Gardens,England,85,37.50588235294118,28.882352941176467,14,42.714285714285715,37.142857142857146,5,24.4,19.4,1
MM Sharma,Wankhede Stadium,South Africa,31,37.19354838709677,31.741935483870968,6,40.66666666666666,28.33333333333333,0,,,1
MMA Jonkman,Clontarf Cricket Club Ground,Ireland,1,26.0,19.0,0,,,0,,,2
MN Samuels,R Premadasa Stadium,Sri Lanka,48,64.77083333333333,48.33333333333334,3,53.0,30.66666666666667,0,,,0
MN Waller,|||||||Mahinda Rajapaksa International Cricket Stadium|||,Sri Lanka,10,59.6,48.8,3,37.0,30.66666666666667,0,,,3
MO Jones,Gymkhana Club Ground,Kenya,6,46.66666666666666,41.16666666666666,0,,,0,,,4
MP Stoinis,Edgbaston,England,10,35.9,31.7,0,,,0,,,1
MP Vaughan,|||||||Kensington Oval|||,West Indies,4,33.25,21.5,0,,,0,,,6
MR Adair,|||||||Civil Service Cricket Club|||,Zimbabwe,7,41.57142857142857,38.42857142857143,0,,,0,,,3
MR Gillespie,Queenstown Events Centre,West Indies,28,47.92857142857143,39.892857142857146,6,35.0,28.16666666666667,0,,,3
MR Marsh,Melbourne Cricket Ground,Pakistan,41,39.78048780487805,35.1219512195122,6,19.33333333333333,9.0,0,,,1
MR Swart,Bay Oval,Canada,2,87.0,68.0,0,,,0,,,1
MRJ Watt,Mannofield Park,Papua New Guinea,8,51.625,30.75,0,,,0,,,4
MS Dhoni,Sophia Gardens,Sri Lanka,1,38.0,29.0,0,,,0,,,1
MS Gony,National Stadium,Bangladesh,2,40.5,36.5,0,inf,inf,0,,,2
MS Panesar,R Premadasa Stadium,Sri Lanka,24,54.75,40.29166666666666,3,97.0,66.0,4,66.75,40.0,3
MS Tshabalala,Harare Sports Club,Zimbabwe,3,52.0,48.33333333333334,0,,,0,,,1
MT Chinouya,Queens Sports Club,India,1,68.0,48.0,0,,,0,,,1
MW Machan,Bellerive Oval,Sri Lanka,4,56.5,53.25,2,70.0,72.5,0,,,1
Mahbubul Alam,Queens Sports Club,Zimbabwe,7,33.857142857142854,37.285714285714285,0,,,0,,,2
Mahmudullah,|||||||R.Premadasa Stadium|||,Sri Lanka,67,52.71641791044776,43.208955223880594,9,65.22222222222223,55.111111111111114,1,244.0,212.0,0
Manjural Islam Rana,Chittagong Divisional Stadium,Sri Lanka,0,inf,inf,0,inf,inf,0,,,0
Mansoor Amjad,National Stadium,Sri Lanka,1,48.0,44.0,0,,,0,,,2
Mashrafe Mortaza,Lord's,Pakistan,169,39.95266272189349,31.28402366863905,18,31.16666666666667,22.722222222222218,0,,,0
Mehedi Hasan Miraz,|||||||R.Premadasa Stadium|||,Sri Lanka,12,67.5,57.58333333333334,1,61.0,48.0,0,,,0
Mehrab Hossain jnr,Queens Sports Club,Zimbabwe,3,62.66666666666666,51.0,0,,,3,56.66666666666666,47.0,1
Mirwais Ashraf,Shere Bangla National Stadium,Bangladesh,35,39.25714285714286,25.2,5,41.4,25.6,0,,,3
Misbah-ul-Haq,National Stadium,Zimbabwe,0,inf,inf,0,,,0,,,0
Mohammad Amir,Lord's,Bangladesh,72,32.916666666666664,24.88888888888889,9,48.555555555555564,36.555555555555564,0,inf,inf,2
Mohammad Ashraful,Shere Bangla National Stadium,West Indies,8,44.75,37.5,1,36.0,23.0,0,,,0
Mohammad Asif,Rangiri Dambulla International Stadium,Bangladesh,38,44.89473684210525,33.31578947368421,2,25.5,15.5,0,,,2
Mohammad Hafeez,Lord's,Bangladesh,105,58.6952380952381,39.42857142857143,3,53.33333333333334,30.33333333333333,7,43.42857142857143,35.57142857142857,1
Mohammad Hasnain,Headingley,England,3,37.333333333333336,46.33333333333334,0,,,0,,,1
Mohammad Irfan,Headingley,England,83,38.72289156626506,29.180722891566266,8,25.625,15.0,0,,,4
Mohammad Kashif,|||||||Warner Park|||,Scotland,5,22.8,18.2,0,,,0,,,4
Mohammad Nabi,Headingley,West Indies,67,44.164179104477604,31.55223880597015,1,42.0,26.0,0,,,2
Mohammad Nadeem,Mannofield Park,Scotland,0,inf,inf,0,,,0,,,0
Mohammad Naveed,Sheikh Zayed Stadium,Papua New Guinea,18,50.66666666666666,43.611111111111114,0,,,0,,,1
Mohammad Nawaz (3),|||||||Brisbane Cricket Ground|||,Australia,11,37.27272727272727,32.45454545454545,1,18.0,14.0,0,,,2
Mohammad Rafique,|||||||MA Chidambaram Stadium|||,Africa XI,33,46.51515151515152,30.696969696969692,0,,,0,,,4
Mohammad Saifuddin,Lord's,Pakistan,15,28.066666666666666,29.4,0,,,0,,,3
Mohammad Sami,Gaddafi Stadium,Zimbabwe,13,43.0,36.307692307692314,0,,,0,,,1
Mohammad Shahzad (2),|||||||Grange Cricket Club Ground|||,Scotland,9,25.777777777777782,23.11111111111111,0,,,0,,,2
Mohammad Talha,Shere Bangla National Stadium,Sri Lanka,4,31.5,34.5,0,,,0,,,1
Mohammad Tauqir,McLean Park,West Indies,7,53.714285714285715,42.57142857142857,0,,,0,,,0
Mohammad Yousuf,|||||||Sabina Park|||,Zimbabwe,1,1.0,0.0,0,,,0,,,0
Mohammed Qasim,Sheikh Zayed Stadium,Papua New Guinea,2,39.0,21.5,0,,,0,,,2
Mohammed Shami,|||||||Queen's Park Oval|||,West Indies,109,26.412844036697248,22.28440366972477,0,,,18,17.333333333333332,13.111111111111109,2
Mominul Haque,Shere Bangla National Stadium,Zimbabwe,7,31.0,24.57142857142857,0,,,0,,,1
Mosaddek Hossain,|||||||R.Premadasa Stadium|||,Sri Lanka,13,60.30769230769231,51.769230769230774,4,13.5,8.5,0,,,1
Mosharraf Hossain,Shere Bangla National Stadium,England,4,50.25,36.0,0,inf,inf,0,,,0
Mudassar Bukhari,Bay Oval,Canada,15,42.4,34.13333333333333,0,,,0,,,1
Mujeeb Ur Rahman,Headingley,West Indies,7,50.85714285714285,35.42857142857143,1,61.0,25.0,0,,,1
Munir Dar,National Stadium,India,0,inf,inf,0,,,0,,,1
Mustafizur Rahman,|||||||R.Premadasa Stadium|||,Sri Lanka,67,24.80597014925373,21.2089552238806,17,24.529411764705888,21.235294117647054,0,,,3
N Deonarine,SuperSport Park,South Africa,0,inf,inf,0,inf,inf,0,,,0
N Dutta,ICC Global Cricket Academy,Kenya,0,inf,inf,0,,,0,,,1
N M'shangwe,Queens Sports Club,Afghanistan,3,93.66666666666669,69.33333333333333,0,,,0,,,3
N Madziva,Harare Sports Club,India,20,27.4,24.3,0,,,0,,,1
N Ncube,Queens Sports Club,New Zealand,3,19.33333333333333,20.0,0,,,0,,,3
N Pokana,Mannofield Park,Oman,6,31.66666666666667,17.666666666666668,0,,,3,15.666666666666664,8.333333333333334,2
N Pradeep,|||||||R.Premadasa Stadium|||,Bangladesh,35,38.0,34.542857142857144,0,,,0,,,3
N Vanua,Mannofield Park,Oman,5,73.0,56.6,0,,,0,,,2
NB Mahwire,Shaheed Chandu Stadium,Bangladesh,4,67.25,43.75,0,,,0,,,1
NG Jones,Clontarf Cricket Club Ground,England,4,39.5,19.25,0,,,0,,,5
NJ Astle,Sydney Cricket Ground,Australia,2,77.5,65.0,1,6.0,3.0,0,,,0
NL McCullum,SuperSport Park,South Africa,63,56.66666666666666,46.253968253968246,1,60.0,38.0,0,,,1
NLTC Perera,|||||||R.Premadasa Stadium|||,Bangladesh,129,36.06201550387597,33.21705426356589,6,45.16666666666666,44.5,0,,,1
NM Carter,|||||||Grange Cricket Club Ground|||,Pakistan,1,61.0,55.0,0,,,0,,,2
NM Coulter-Nile,Trent Bridge,Bangladesh,31,36.41935483870968,31.580645161290327,0,,,2,31.0,29.5,3
NM Hauritz,Bellerive Oval,England,53,44.75471698113208,33.509433962264154,14,33.07142857142857,21.5,0,,,1
NM Lyon,Edgbaston,England,20,46.7,38.05,0,inf,inf,0,,,0
NM Odhiambo,ICC Global Cricket Academy,Canada,2,30.5,18.5,0,,,0,,,4
NN Odhiambo,Hagley Oval,Scotland,21,44.57142857142857,38.333333333333336,0,,,0,,,1
NO Miller,Manuka Oval,Zimbabwe,28,56.82142857142857,45.10714285714285,0,,,0,,,1
NR Kumar,Bay Oval,Netherlands,2,33.5,31.0,0,,,0,,,1
NT Pascal,|||||||Windsor Park|||,Bangladesh,0,inf,inf,0,,,0,,,1
NW Bracken,Trent Bridge,England,135,34.244444444444454,24.47407407407407,8,44.75,29.875,0,,,4
Nadeem Ahmed,Dubai International Cricket Stadium,United Arab Emirates,20,28.4,20.55,0,,,0,,,1
Naeem Islam,Khan Shaheb Osman Ali Stadium,India,31,45.87096774193547,35.967741935483865,1,173.0,157.0,0,,,0
Najeeb Amar,National Stadium,India,2,60.0,37.5,0,,,0,,,4
Najibullah Zadran,Shere Bangla National Stadium,Sri Lanka,0,inf,inf,0,,,0,,,2
Nasir Aziz,ICC Academy,Hong Kong,1,156.0,147.0,0,,,0,,,1
Nasir Hossain,Clontarf Cricket Club Ground,New Zealand,23,48.34782608695652,36.95652173913044,3,56.0,47.0,0,,,3
Naved-ul-Hasan,Western Australia Cricket Association Ground,Australia,46,37.95652173913044,33.73913043478261,0,,,11,21.818181818181817,19.0,3
Naveen-ul-Haq,Shere Bangla National Stadium,Bangladesh,2,56.5,54.0,0,,,0,,,2
Nawroz Mangal,Shere Bangla National Stadium,Bangladesh,2,21.0,24.0,0,,,0,,,0
Nazmul Hossain,Shere Bangla National Stadium,Pakistan,19,38.94736842105263,30.578947368421048,0,,,0,,,2
Nizakat Khan,Dubai International Cricket Stadium,United Arab Emirates,3,28.66666666666667,16.333333333333332,0,,,0,,,3
O Thomas,|||||||Queen's Park Oval|||,India,9,44.33333333333334,42.444444444444436,1,106.0,117.0,0,,,0
OA Shah,SuperSport Park,Australia,7,28.42857142857143,25.142857142857146,2,40.5,24.5,0,inf,inf,0
P Kumar,Shere Bangla National Stadium,Pakistan,77,43.337662337662344,34.61038961038961,8,38.875,31.375,9,29.88888888888889,29.444444444444446,2
P Utseya,Harare Sports Club,New Zealand,84,64.1309523809524,49.05952380952381,3,63.33333333333334,52.66666666666666,2,70.5,39.5,1
PA Desai,Bay Oval,Netherlands,6,30.16666666666667,19.0,0,,,0,,,3
PA Hitchcock,Eden Park,England,0,inf,inf,0,,,0,,,0
PA van Meekeren,Sportpark Het Schootsveld,Zimbabwe,2,40.5,26.0,0,,,0,,,6
PADLR Sandakan,|||||||Mahinda Rajapaksa International Cricket Stadium|||,Zimbabwe,11,38.81818181818182,36.90909090909091,0,,,0,,,1
PC Connell,Clontarf Cricket Club Ground,Australia,7,26.714285714285715,26.57142857142857,0,,,0,,,0
PC de Silva,Kingsmead,South Africa,5,63.8,49.4,0,,,0,,,1
PD Collingwood,Zahur Ahmed Chowdhury Stadium,Bangladesh,66,48.90909090909091,38.53030303030303,8,56.375,44.125,0,,,1
PDRL Perera,Jade Stadium,New Zealand,11,50.54545454545455,42.90909090909091,2,34.0,36.5,0,,,2
PHT Kaushal,Sydney Cricket Ground,South Africa,0,inf,inf,0,,,0,,,1
PJ Cummins,Edgbaston,England,66,32.71212121212121,26.939393939393934,9,32.22222222222222,28.444444444444446,2,16.0,12.5,3
PJ Ongondo,Eden Gardens,Zimbabwe,28,30.714285714285715,21.25,0,,,0,,,2
PJC Hoffmann,Titwood,India,1,196.0,170.0,0,,,0,,,1
PJK Mooney,Providence Stadium,South Africa,0,inf,inf,0,,,0,,,0
PKD Chase,Malahide,New Zealand,23,37.56521739130435,39.17391304347826,10,36.7,39.8,0,,,2
PL Harris,Shere Bangla National Stadium,Bangladesh,3,61.0,25.66666666666667,0,,,0,,,5
PLS Gamage,|||||||Mahinda Rajapaksa International Cricket Stadium|||,Pakistan,2,116.5,104.0,1,65.0,57.0,0,,,2
PM Seelaar,Sportpark Het Schootsveld,Zimbabwe,20,35.5,27.55,0,,,0,,,1
PM Siddle,Sydney Cricket Ground,Sri Lanka,15,51.0,37.46666666666667,1,61.0,49.0,0,,,1
PP Chawla,Feroz Shah Kotla,Netherlands,32,41.5625,34.09375,0,,,0,,,3
PP Ojha,|||||||Mahinda Rajapaksa International Cricket Stadium|||,Sri Lanka,21,42.0,30.761904761904763,3,40.0,27.66666666666667,3,40.0,27.66666666666667,0
PR Stirling,|||||||Bready Cricket Club|||,Zimbabwe,30,55.0,43.26666666666666,0,inf,inf,0,,,2
PVD Chameera,|||||||Mahinda Rajapaksa International Cricket Stadium|||,Zimbabwe,11,41.09090909090909,38.63636363636363,0,,,0,,,1
PW Borren,Bay Oval,Canada,9,61.77777777777778,49.66666666666666,0,,,0,,,1
PWH de Silva,|||||||R.Premadasa Stadium|||,Bangladesh,9,17.333333333333332,17.555555555555557,0,,,0,,,3
Pankaj Singh,Harare Sports Club,Sri Lanka,0,inf,inf,0,,,0,,,1
Parvez Rasool,Shere Bangla National Stadium,Bangladesh,2,30.5,29.5,0,,,0,,,3
Qadeer Ahmed,Dubai International Cricket Stadium,Scotland,0,inf,inf,0,,,0,,,0
Qaiser Ali,Maple Leaf North-West Ground,Bermuda,1,89.0,45.0,0,,,0,,,2
R Ashwin,|||||||Sir Vivian Richards Stadium|||,West Indies,150,40.906666666666666,31.97333333333333,8,39.75,33.25,0,,,10
R Clarke,The Rose Bowl,Pakistan,1,70.0,59.0,0,,,0,,,1
R Dhawan,Sydney Cricket Ground,Australia,1,155.0,153.0,0,inf,inf,0,,,1
R McLaren,Sydney Cricket Ground,Australia,77,32.02597402597402,25.064935064935064,0,,,0,,,1
R Ngarava,|||||||Grange Cricket Club Ground|||,Scotland,8,37.0,31.625,0,,,7,32.714285714285715,23.42857142857143,1
R Powell,|||||||Sabina Park|||,India,0,inf,inf,0,,,0,,,1
R Rampaul,Pallekele International Cricket Stadium,Sri Lanka,98,34.265306122448976,26.8265306122449,27,32.77777777777778,26.296296296296298,0,inf,inf,2
R Sharma,R Premadasa Stadium,Sri Lanka,6,34.666666666666664,29.16666666666667,0,,,0,,,2
R Telemachus,Sedgars Park,Zimbabwe,7,33.714285714285715,27.57142857142857,0,,,0,,,4
R Vinay Kumar,M Chinnaswamy Stadium,Australia,38,38.39473684210526,36.81578947368421,4,60.25,72.5,0,,,1
RA Jadeja,|||||||Queen's Park Oval|||,West Indies,159,44.32704402515724,35.289308176100626,0,,,3,66.33333333333333,57.0,2
RAJ Smith,|||||||Grange Cricket Club Ground|||,Afghanistan,1,92.0,95.0,0,,,0,,,2
RAS Lakmal,Riverside Ground,South Africa,87,35.425287356321846,30.229885057471265,12,25.75,20.75,0,,,0
RD Berrington,Mannofield Park,Oman,15,39.53333333333333,31.66666666666667,0,,,0,,,0
RD Steede,Maple Leaf North-West Ground,Canada,1,84.0,46.0,0,,,0,,,5
RDM Leverock,Maple Leaf North-West Ground,Canada,13,46.69230769230769,33.53846153846154,0,,,0,,,4
RE van der Merwe,Sportpark Het Schootsveld,Zimbabwe,18,44.66666666666666,35.444444444444436,0,,,0,,,0
RG Aga,Hagley Oval,Scotland,2,73.0,53.0,0,,,0,,,2
RG Sharma,Western Australia Cricket Association Ground,Australia,8,74.625,63.875,0,inf,inf,0,,,0
RJ Harris,Bellerive Oval,Sri Lanka,44,23.88636363636364,18.363636363636363,15,20.133333333333333,13.533333333333333,0,,,1
RJ Nicol,Rangiri Dambulla International Stadium,Sri Lanka,10,34.7,32.1,0,inf,inf,0,inf,inf,0
RJ Peterson,Sydney Cricket Ground,Australia,62,39.79032258064515,31.548387096774192,10,41.6,29.5,2,58.5,44.0,5
RJ Sidebottom,Shere Bangla National Stadium,Bangladesh,24,49.25,37.04166666666666,3,21.0,8.0,0,,,2
RJ Trott,Maple Leaf North-West Ground,Canada,8,24.125,19.25,0,,,0,,,4
RJW Topley,Newlands,South Africa,16,30.1875,24.3125,1,36.0,43.0,0,,,4
RK Kleinveldt,Pallekele International Cricket Stadium,Sri Lanka,11,43.72727272727273,33.36363636363637,2,32.0,13.0,0,,,1
RK Whelan,|||||||Civil Service Cricket Club|||,South Africa,2,47.5,47.0,1,44.0,41.0,0,,,2
RL Bhudia,Gymkhana Club Ground,Zimbabwe,1,48.0,23.0,0,,,0,,,4
RL Chase,|||||||Queen's Park Oval|||,India,2,72.0,63.5,1,23.0,24.0,0,,,0
RM Haq,Saxton Oval,Bangladesh,27,39.74074074074074,29.88888888888889,0,,,0,,,1
RM West,|||||||Civil Service Cricket Club|||,England,1,113.0,59.0,0,,,0,,,4
RML Taylor,Bellerive Oval,Australia,10,46.2,37.9,3,38.66666666666666,31.33333333333333,0,,,2
RMS Eranga,Westpac Stadium,New Zealand,20,35.05,31.0,4,27.75,30.5,0,,,5
RN Lewis,|||||||Windsor Park|||,Bangladesh,8,48.5,40.75,1,48.0,35.0,0,,,2
RN ten Doeschate,Eden Gardens,Ireland,19,37.42105263157895,31.421052631578952,0,,,0,,,1
RP Arnold,|||||||National Cricket Stadium|||,Australia,3,32.666666666666664,28.0,0,,,0,,,3
RP Burl,|||||||Civil Service Cricket Club|||,Ireland,2,45.0,46.0,0,,,0,,,2
RP Singh,Sophia Gardens,England,57,40.333333333333336,33.57894736842105,0,,,0,,,1
RR Emrit,Indian Petrochemicals Corporation Limited Sports Complex Ground,India,0,inf,inf,0,,,0,,,0
RR Patel,ICC Global Cricket Academy,Canada,2,42.0,34.5,0,,,0,,,0
RR Powar,Nehru Stadium,Australia,30,46.0,34.166666666666664,11,50.18181818181818,38.90909090909091,0,,,1
RR Rossouw,Senwes Park,New Zealand,1,46.0,43.0,1,18.0,17.0,0,,,1
RR Sarwan,Sheikh Zayed Stadium,Pakistan,9,27.33333333333333,27.222222222222218,0,inf,inf,0,,,0
RR Watson,Willowmoore Park,Canada,3,42.0,29.0,0,,,0,,,1
RS Bopara,Sydney Cricket Ground,Afghanistan,40,47.675,36.625,0,,,1,61.0,40.0,4
RS Higgins,|||||||Queen's Park Oval|||,West Indies,4,39.5,31.75,0,,,0,,,3
RT Lyons,Cambusdoon New Ground,Afghanistan,1,116.0,55.0,0,,,0,,,6
RV Uthappa,Shere Bangla National Stadium,Bangladesh,0,inf,,0,,,0,,,0
RW Price,McLean Park,New Zealand,64,51.25,33.5,3,71.0,48.0,0,,,3
Rahat Ali,Eden Park,New Zealand,18,39.16666666666666,35.0,3,35.333333333333336,33.666666666666664,0,,,0
Rahmat Shah,The Rose Bowl,Bangladesh,10,30.5,27.9,0,,,0,,,0
Rajin Saleh,Sawai Mansingh Stadium,Zimbabwe,4,27.75,21.0,0,,,0,,,1
Rameez Shahzad,|||||||Grange Cricket Club Ground|||,Scotland,0,inf,inf,0,,,0,,,1
Rashid Khan,Headingley,West Indies,67,25.328358208955226,17.895522388059703,1,123.0,87.0,0,,,2
Raza Hasan,Dubai International Cricket Stadium,Australia,1,62.0,66.0,0,,,0,,,1
Raza-ur-Rehman,Bay Oval,Netherlands,1,113.0,111.0,0,,,0,,,1
Rizwan Ahmed,Sheikhupura Stadium,Zimbabwe,0,inf,inf,0,,,0,,,1
Rizwan Cheema,ICC Global Cricket Academy,Kenya,12,41.333333333333336,35.583333333333336,0,,,0,,,1
Robiul Islam,Queens Sports Club,Zimbabwe,2,70.0,54.0,0,,,0,,,2
Rohan Mustafa,Sheikh Zayed Stadium,Papua New Guinea,9,53.22222222222222,40.444444444444436,0,,,0,,,12
Rokhan Barakzai,Sharjah Cricket Stadium,Zimbabwe,2,31.0,21.5,0,,,0,,,4
Rubel Hossain,|||||||R.Premadasa Stadium|||,Sri Lanka,93,39.01075268817204,35.37634408602151,6,52.16666666666666,58.83333333333334,0,,,2
Rumman Raees,Sophia Gardens,England,2,28.0,21.0,0,,,0,,,4
S Bau,Mannofield Park,Oman,2,81.5,55.5,0,inf,inf,0,inf,inf,1
S Chanderpaul,New Wanderers Stadium,South Africa,0,inf,inf,0,,,0,,,1
S Chattergoon,Newlands,South Africa,0,inf,inf,0,,,0,,,1
S Dhaniram,Willowmoore Park,Scotland,21,26.285714285714285,19.0,0,,,0,,,4
S Matsikenyeri,Providence Stadium,West Indies,5,39.6,26.0,2,33.0,22.0,0,,,2
S Mukuddem,|||||||Queen's Park Oval|||,Bangladesh,10,27.2,21.0,0,inf,inf,0,,,9
S Prasanna,Kennington Oval,South Africa,30,58.66666666666666,50.93333333333333,4,45.25,43.25,0,inf,inf,1
S Randiv,Edgbaston,England,36,40.194444444444436,33.416666666666664,8,33.25,26.625,0,,,0
S Sreesanth,Wankhede Stadium,Sri Lanka,69,33.072463768115945,29.507246376811594,0,inf,inf,0,,,1
S Thuraisingam,Willowmoore Park,Bermuda,2,36.0,25.5,0,,,0,,,1
S Tyagi,|||||||Sardar Patel Stadium|||,South Africa,3,56.33333333333334,46.66666666666666,0,,,0,,,0
S Weerakoon,R Premadasa Stadium,Pakistan,1,61.0,45.0,0,,,0,,,2
SA Abbott,Sharjah Cricket Stadium,Pakistan,1,30.0,25.0,0,,,0,,,2
SB Styris,R Premadasa Stadium,Sri Lanka,33,60.66666666666666,48.30303030303031,1,170.0,175.0,0,,,1
SC Ganguly,Captain Roop Singh Stadium,Pakistan,7,64.0,51.57142857142857,0,,,0,,,2
SC Getkate,|||||||Civil Service Cricket Club|||,Zimbabwe,6,27.33333333333333,19.666666666666668,0,,,0,,,6
SC Kuggeleijn,Malahide,Ireland,5,17.4,11.0,0,,,0,,,5
SC Meaker,Eden Gardens,India,2,58.5,51.5,0,,,0,,,2
SC Williams,|||||||Civil Service Cricket Club|||,Ireland,54,54.148148148148145,42.814814814814824,1,42.0,49.0,0,,,3
SCJ Broad,Newlands,South Africa,174,35.25862068965517,29.00574712643678,19,30.36842105263158,20.63157894736842,2,30.0,7.0,1
SD Outerbridge,Maple Leaf North-West Ground,Canada,1,6.0,11.0,0,,,0,,,1
SD Parry,|||||||Sir Vivian Richards Stadium|||,West Indies,4,29.0,22.5,0,,,0,,,1
SE Bond,Westpac Stadium,Australia,74,33.608108108108105,21.81081081081081,11,42.09090909090909,28.363636363636363,0,,,10
SF Mire,|||||||Civil Service Cricket Club|||,Ireland,12,44.25,40.75,0,inf,inf,0,,,2
SG Borthwick,Wankhede Stadium,India,0,inf,inf,0,,,0,,,0
SHA Rance,Clontarf Cricket Club Ground,Bangladesh,1,107.0,108.0,0,inf,inf,0,,,0
SHT Kandamby,Lord's,England,2,88.5,85.0,0,,,2,30.0,25.5,0
SI Mahmood,SuperSport Park,South Africa,29,41.17241379310345,34.55172413793103,2,38.5,45.5,0,,,2
SJ Benn,Queens Sports Club,Sri Lanka,35,65.71428571428571,51.97142857142857,13,52.615384615384606,45.615384615384606,0,,,1
SJ Harmison,|||||||Beausejour Stadium|||,West Indies,20,43.45,36.8,0,,,0,,,1
SK Raina,Wankhede Stadium,South Africa,35,59.42857142857143,49.0,7,49.714285714285715,43.14285714285715,0,,,1
SKW Kelly,Willowmoore Park,Netherlands,2,42.0,32.5,0,,,0,,,4
SL Malinga,|||||||R.Premadasa Stadium|||,Bangladesh,302,32.63907284768212,25.94701986754967,16,20.375,17.625,0,,,9
SM Boland,Newlands,South Africa,16,45.6875,44.25,3,56.0,44.33333333333334,0,,,2
SM Harwood,St George's Park,South Africa,2,31.0,27.5,0,,,0,,,3
SM Pollock,New Wanderers Stadium,West Indies,61,47.1639344262295,23.819672131147538,4,38.75,17.5,0,inf,inf,4
SM Sharif,Mannofield Park,Papua New Guinea,26,36.807692307692314,27.19230769230769,0,,,0,,,2
SMA Priyanjan,|||||||Rajiv Gandhi International Stadium|||,India,5,54.0,44.6,2,21.0,14.0,0,,,1
SMSM Senanayake,Hagley Oval,New Zealand,53,44.981132075471706,34.716981132075475,4,37.75,32.0,0,,,0
SO Ngoche,Hagley Oval,Scotland,6,43.33333333333334,35.833333333333336,0,,,0,,,2
SO Tikolo,Bert Sutcliffe Oval,Netherlands,14,53.14285714285714,42.642857142857146,0,,,0,,,1
SP Narine,Sheikh Zayed Stadium,Pakistan,91,39.054945054945065,24.923076923076927,3,48.66666666666666,50.0,0,,,2
SPD Smith,Edgbaston,England,28,38.392857142857146,34.214285714285715,1,72.0,46.0,0,,,0
SR Clark,Sheikh Zayed Stadium,Pakistan,43,38.58139534883721,28.86046511627907,2,56.5,47.5,0,,,3
SR Patel,Himachal Pradesh Cricket Association Stadium,India,23,49.95652173913044,46.08695652173913,0,inf,inf,0,,,1
SR Tendulkar,Shere Bangla National Stadium,Pakistan,11,69.27272727272727,60.0,1,109.0,86.0,0,,,0
SR Thompson,Malahide,Bangladesh,10,53.6,43.2,0,inf,inf,0,,,1
SR Watson,The Rose Bowl,England,127,38.275590551181104,30.669291338582678,25,33.32,26.48,2,31.0,20.5,3
SS Cottrell,|||||||Queen's Park Oval|||,India,15,37.53333333333333,34.2,6,19.666666666666668,18.0,0,,,2
SS Pathirana,Rangiri Dambulla International Stadium,Bangladesh,13,51.615384615384606,45.846153846153854,0,,,0,,,1
ST Finn,Lord's,South Africa,102,35.715686274509814,28.401960784313733,0,,,0,,,1
ST Gabriel,Riverside Ground,Sri Lanka,25,34.24,29.92,0,,,0,,,0
ST Jayasuriya,Kennington Oval,England,53,44.94339622641509,35.716981132075475,3,64.66666666666667,47.66666666666666,5,50.0,35.6,1
STR Binny,Green Park,South Africa,20,25.15,21.3,2,24.5,27.0,0,,,0
SW Masakadza,Queens Sports Club,South Africa,25,31.92,31.72,14,17.714285714285715,18.857142857142858,0,,,0
SW Tait,|||||||Sardar Patel Stadium|||,India,62,29.564516129032263,20.61290322580645,5,24.6,16.4,0,,,2
Saad Nasim,Shere Bangla National Stadium,Bangladesh,0,inf,inf,0,,,0,,,0
Sabbir Rahman,|||||||R.Premadasa Stadium|||,Sri Lanka,3,72.33333333333333,81.0,1,79.0,84.0,0,,,0
Saeed Ajmal,Shere Bangla National Stadium,Bangladesh,177,33.68926553672316,22.440677966101696,12,36.66666666666666,22.0,1,43.0,32.0,2
Salman Butt,National Stadium,India,0,inf,inf,0,,,0,,,0
Salman Farooq,ICC Academy,Afghanistan,0,inf,inf,0,,,0,,,1
Sami Faridi,Maple Leaf North-West Ground,Bermuda,0,inf,inf,0,,,0,,,1
Samiullah Khan,|||||||Niaz Stadium|||,Zimbabwe,0,inf,inf,0,,,0,,,1
Samiullah Shenwari,Headingley,Pakistan,14,66.28571428571429,56.92857142857143,0,inf,inf,0,,,1
Saqib Ali,Gaddafi Stadium,Sri Lanka,1,62.0,55.0,0,,,0,,,2
Saqib Zulfiqar,Sportpark Het Schootsveld,Zimbabwe,1,43.0,48.0,0,,,0,,,1
Sayed Shirzad,Headingley,West Indies,1,48.0,56.0,0,,,0,,,1
Shadab Khan,Lord's,Bangladesh,18,38.833333333333336,35.444444444444436,0,,,0,,,2
Shafiul Islam,|||||||R.Premadasa Stadium|||,Sri Lanka,69,36.869565217391305,33.44927536231884,12,36.16666666666666,33.833333333333336,0,,,3
Shahadat Hossain,Pallekele International Cricket Stadium,Sri Lanka,27,59.0,53.481481481481474,3,82.33333333333333,66.66666666666667,0,,,1
Shaheen Shah Afridi,Lord's,Bangladesh,20,17.75,15.15,0,,,0,,,13
Shahid Afridi,Adelaide Oval,Australia,211,43.71563981042654,32.0,40,34.0,24.3,8,53.875,34.125,0
Shaiman Anwar,Westpac Stadium,South Africa,0,inf,inf,0,,,0,,,1
Shakib Al Hasan,Lord's,Pakistan,206,40.94174757281554,30.470873786407772,18,27.777777777777782,18.5,0,inf,inf,1
Shamsur Rahman,|||||||National Cricket Stadium|||,West Indies,0,inf,inf,0,,,0,,,0
Shapoor Zadran,|||||||Civil Service Cricket Club|||,Ireland,25,42.16,33.44,0,,,0,,,0
Sharafuddin Ashraf,ICC Academy,United Arab Emirates,5,42.6,30.0,0,,,0,,,1
Shoaib Akhtar,Pallekele International Cricket Stadium,New Zealand,48,37.145833333333336,28.85416666666667,13,25.0,20.846153846153847,0,,,1
Shoaib Malik,Old Trafford,India,61,55.377049180327866,43.19672131147541,3,91.33333333333331,72.0,0,,,0
Shuvagata Hom,Queens Sports Club,Zimbabwe,0,inf,inf,0,,,0,,,1
Sikandar Raza,|||||||Civil Service Cricket Club|||,Ireland,30,57.6,45.1,0,inf,inf,0,,,0
Simi Singh,Malahide,New Zealand,0,inf,inf,0,,,0,,,1
Skhawat Ali,National Stadium,India,0,inf,inf,0,,,0,,,0
Sohag Gazi,|||||||Warner Park|||,West Indies,22,42.81818181818182,31.72727272727273,7,23.714285714285715,17.0,0,,,0
Sohaib Maqsood,McLean Park,United Arab Emirates,1,55.0,41.0,0,,,0,,,4
Sohail Khan,Sheikh Zayed Stadium,West Indies,19,36.368421052631575,30.105263157894736,0,,,0,,,2
Sohail Tanvir,Sheikh Zayed Stadium,New Zealand,69,44.7536231884058,33.869565217391305,6,55.66666666666666,42.333333333333336,0,,,1
Soumya Sarkar,|||||||R.Premadasa Stadium|||,Sri Lanka,8,32.625,30.875,0,inf,inf,0,,,4
Subashis Roy,Saxton Oval,New Zealand,1,61.0,44.0,0,,,0,,,2
Suhrawadi Shuvo,Zahur Ahmed Chowdhury Stadium,West Indies,14,55.214285714285715,40.142857142857146,4,19.5,4.0,0,,,18
Sunzamul Islam,Malahide,Ireland,2,15.5,10.5,0,,,0,,,4
Syed Rasel,Rangiri Dambulla International Stadium,Sri Lanka,44,46.13636363636363,33.84090909090909,2,88.0,60.5,1,63.0,53.0,0
T Kamungozi,Manuka Oval,West Indies,12,53.33333333333334,45.33333333333334,2,30.0,27.5,0,,,0
T Maruma,Shere Bangla National Stadium,Bangladesh,4,54.25,49.75,0,,,0,,,0
T Mupariwa,Harare Sports Club,India,28,41.035714285714285,33.214285714285715,0,,,0,,,0
T Muzarabani,Harare Sports Club,India,7,46.85714285714285,36.714285714285715,0,inf,inf,0,,,1
T Panyangara,Harare Sports Club,Sri Lanka,36,58.75,52.47222222222222,3,57.33333333333334,50.0,0,,,2
T Shamsi,Old Trafford,Australia,7,54.0,45.42857142857143,0,,,0,,,0
T Thushara,Harare Sports Club,Zimbabwe,46,35.13043478260869,27.130434782608692,10,18.2,11.3,8,18.875,10.375,3
T van der Gugten,Maple Leaf North-West Ground,Canada,6,15.666666666666664,6.0,0,,,0,,,21
TA Boult,Lord's,England,107,32.3177570093458,24.897196261682247,14,29.642857142857146,23.92857142857143,0,,,0
TAM Siriwardana,Kennington Oval,Australia,8,43.375,39.25,1,14.0,19.0,0,,,0
TB Sole,Mannofield Park,Papua New Guinea,2,76.0,48.5,0,,,0,,,3
TBM de Leede,|||||||Warner Park|||,Scotland,7,35.0,25.0,0,,,0,,,2
TC Bastiampillai,Gymkhana Club Ground,Kenya,0,inf,inf,0,,,0,,,0
TE Tucker,Maple Leaf North-West Ground,Canada,0,inf,inf,0,,,0,,,0
TG Gordon,R Premadasa Stadium,Pakistan,0,inf,,0,,,0,,,0
TG Southee,Riverside Ground,England,155,37.716129032258074,31.81290322580645,16,44.625,38.5625,0,inf,inf,1
TJ Heggelman,Mannofield Park,Scotland,2,21.0,17.0,0,,,0,,,3
TJ Murtagh,|||||||Civil Service Cricket Club|||,Zimbabwe,42,41.857142857142854,30.880952380952376,16,29.4375,20.8125,0,,,6
TK Curran,Headingley,Pakistan,7,21.428571428571427,20.714285714285715,0,,,0,,,0
TL Best,Saxton Oval,New Zealand,21,37.52380952380953,29.095238095238088,2,32.5,32.5,0,,,1
TL Chatara,|||||||Civil Service Cricket Club|||,Ireland,58,40.879310344827594,30.82758620689655,0,inf,inf,0,,,3
TLW Cooper,VRA Ground,Ireland,7,35.857142857142854,29.42857142857143,0,,,0,,,1
TM Dilshan,Rangiri Dambulla International Stadium,Australia,80,57.175,45.2375,10,58.1,46.8,7,40.57142857142857,33.857142857142854,1
TM Head,Edgbaston,England,12,52.66666666666666,47.16666666666666,0,,,0,,,1
TM Odoyo,Hagley Oval,Scotland,29,35.89655172413793,23.310344827586214,0,,,0,,,4
TP Ura,Sheikh Zayed Stadium,United Arab Emirates,0,inf,inf,0,,,0,,,0
TS Chisoro,Queens Sports Club,Sri Lanka,11,38.90909090909091,25.0,0,,,3,40.0,26.66666666666667,1
TS Nethula,|||||||Sabina Park|||,West Indies,5,53.6,47.4,0,,,0,,,2
TS Roland-Jones,Lord's,South Africa,1,42.0,34.0,0,,,0,,,2
TT Bresnan,|||||||The Village|||,Ireland,107,40.18691588785047,34.11214953271028,1,48.0,27.0,0,,,6
TT Samaraweera,|||||||Mahinda Rajapaksa International Cricket Stadium|||,Canada,1,30.0,33.0,0,,,0,,,6
Taijul Islam,|||||||R.Premadasa Stadium|||,Sri Lanka,6,57.5,36.16666666666666,0,inf,inf,0,,,3
Tamim Iqbal,Shere Bangla National Stadium,Sri Lanka,0,inf,inf,0,inf,inf,0,,,1
Tanbir Hayder,Saxton Oval,New Zealand,0,inf,inf,0,,,0,,,0
Tanveer Ahmed,Dubai International Cricket Stadium,United Arab Emirates,4,48.0,42.0,0,,,0,,,1
Tanvir Ahmed (1),|||||||Kensington Oval|||,West Indies,1,37.0,44.0,0,,,0,,,1
Tanwir Afzal,|||||||Mission Road Ground|||,Papua New Guinea,6,49.33333333333334,38.333333333333336,0,,,0,,,1
Tapash Baisya,|||||||Sir Vivian Richards Stadium|||,Australia,0,inf,inf,0,inf,inf,0,,,0
Taskin Ahmed,Edgbaston,India,43,30.55813953488372,26.55813953488372,8,20.25,21.875,0,,,0
Tushar Imran,McLean Park,New Zealand,1,90.0,57.0,1,48.0,24.0,0,,,1
U Bhatti,VRA Ground,Ireland,12,43.0,26.33333333333333,0,,,0,,,1
UDU Chandana,R Premadasa Stadium,Bangladesh,0,inf,inf,0,,,0,,,1
UT Yadav,|||||||Sabina Park|||,West Indies,98,34.61224489795919,31.367346938775512,5,50.4,54.8,0,,,5
UWMBCA Welegedara,Rangiri Dambulla International Stadium,India,15,31.6,27.2,7,31.0,26.42857142857143,0,,,1
Umair Ali,ICC Academy,Hong Kong,0,inf,inf,0,,,0,,,1
Umar Amin,Harare Sports Club,Zimbabwe,0,inf,inf,0,,,0,,,0
Umar Gul,Sophia Gardens,England,148,35.939189189189186,28.72972972972973,0,,,3,40.0,21.33333333333333,1
Usman Ghani,Queens Sports Club,Zimbabwe,0,inf,inf,0,,,0,,,1
V Kohli,Kennington Oval,Sri Lanka,4,159.5,158.75,0,inf,inf,0,,,1
V Permaul,Providence Stadium,Pakistan,8,42.125,33.125,0,,,0,,,0
V Sehwag,R Premadasa Stadium,Sri Lanka,28,51.14285714285714,40.535714285714285,2,77.0,62.0,3,43.0,33.666666666666664,2
V Shankar,Old Trafford,Pakistan,2,17.0,10.0,0,,,0,,,5
V Sibanda,Shere Bangla National Stadium,Bangladesh,1,183.0,172.0,0,,,0,,,0
VD Philander,Senwes Park,New Zealand,41,32.170731707317074,23.07317073170732,5,25.4,17.6,0,,,1
VJ Kingma,Sportpark Het Schootsveld,Zimbabwe,2,66.5,48.0,0,,,0,,,2
VR Aaron,Barabati Stadium,Sri Lanka,11,36.81818181818182,35.72727272727273,4,29.75,25.5,0,,,1
VRV Singh,Maharani Usharaje Trust Cricket Ground,England,0,inf,inf,0,,,0,,,0
VS Solanki,Headingley,Sri Lanka,1,72.0,61.0,0,inf,inf,0,,,2
W Barresi,Sportpark Het Schootsveld,Zimbabwe,0,inf,inf,0,,,0,,,0
WB Rankin,|||||||Civil Service Cricket Club|||,Zimbabwe,40,46.6,34.1,0,,,0,,,4
WCA Ganegama,Western Australia Cricket Association Ground,Australia,0,inf,inf,0,,,0,,,0
WD Balaji Rao,M Chinnaswamy Stadium,Australia,10,35.7,31.4,0,,,0,,,0
WD Parnell,Edgbaston,Pakistan,94,32.106382978723396,27.882978723404253,10,34.5,34.5,0,,,0
WF Stelling,|||||||Civil Service Cricket Club|||,Scotland,5,38.6,20.0,0,,,0,,,4
WK McCallan,|||||||Civil Service Cricket Club|||,England,13,44.769230769230774,29.23076923076923,3,41.0,22.0,0,,,1
WP Masakadza,Sharjah Cricket Stadium,Afghanistan,11,37.90909090909091,26.818181818181817,0,,,4,42.0,29.75,1
WPUJC Vaas,R Premadasa Stadium,India,63,44.746031746031754,29.190476190476193,3,61.0,34.333333333333336,0,inf,inf,2
WT Gavera,Sheikh Zayed Stadium,United Arab Emirates,1,88.0,74.0,0,,,0,,,1
WW Hinds,Kinrara Academy Oval,India,3,50.66666666666666,44.33333333333334,0,,,0,,,1
Wahab Riaz,Lord's,Bangladesh,112,38.455357142857146,32.651785714285715,1,49.0,43.0,2,30.5,21.0,2
Waqas Barkat,ICC Academy,United Arab Emirates,0,inf,inf,0,,,0,,,0
XJ Doherty,Sydney Cricket Ground,Sri Lanka,55,51.27272727272727,39.78181818181818,4,72.75,59.25,4,27.5,23.0,0
XM Marshall,|||||||National Cricket Stadium|||,Australia,0,inf,,0,,,0,,,0
Y Punja,ICC Academy,Hong Kong,0,inf,inf,0,,,0,,,0
YK Pathan,Shere Bangla National Stadium,Pakistan,33,45.96969696969697,40.18181818181818,0,inf,inf,0,,,1
YS Chahal,|||||||Queen's Park Oval|||,West Indies,19,34.0,27.947368421052627,4,15.75,12.0,0,,,2
Yamin Ahmadzai,|||||||Civil Service Cricket Club|||,Ireland,2,58.5,40.0,0,,,0,,,2
Yasir Arafat,Sheikh Zayed Stadium,Australia,1,325.0,264.0,1,118.0,120.0,0,,,0
Yasir Shah,Trent Bridge,England,18,47.444444444444436,42.27777777777778,0,inf,inf,0,,,0
Younis Khan,McLean Park,New Zealand,1,185.0,170.0,0,inf,inf,0,,,0
Yuvraj Singh,|||||||Queen's Park Oval|||,West Indies,75,45.74666666666667,38.12,12,34.166666666666664,30.41666666666667,1,42.0,39.0,1
Z Khan,Pallekele International Cricket Stadium,Sri Lanka,127,39.551181102362214,30.69291338582677,8,41.5,32.625,0,inf,inf,2
Zafar Gohar,Sharjah Cricket Stadium,England,2,30.5,26.5,0,,,2,30.5,26.5,3
Zaheer Maqsood,ICC Academy,Hong Kong,2,30.0,28.0,0,,,0,,,3
Zahid Hussain,Clontarf Cricket Club Ground,Ireland,2,60.0,47.0,0,,,0,,,3
Zahid Shah,Gaddafi Stadium,Sri Lanka,6,21.33333333333333,15.0,3,22.66666666666667,13.666666666666664,0,,,4
Zahoor Khan,Sheikh Zayed Stadium,Papua New Guinea,15,11.266666666666667,9.333333333333334,0,,,0,,,2
Zain Abbas,National Stadium,Pakistan,1,38.0,50.0,0,,,0,,,1
Zakiullah Zaki,Sharjah Cricket Stadium,Netherlands,0,inf,inf,0,,,0,,,1
Zeeshan Maqsood,Mannofield Park,Papua New Guinea,6,36.0,19.166666666666668,0,,,0,,,4
Ziaur Rahman,Shere Bangla National Stadium,India,10,39.7,29.0,0,,,0,,,7
Zulfiqar Babar,Shere Bangla National Stadium,Bangladesh,4,74.25,59.75,0,,,3,39.0,26.66666666666667,1
